商品名,価格
【予約】鬼滅の刃 炭治郎と禰豆子 ジグソーパズル 300ピース パネルNo.3 サイズ26×38cm JIGSAW PUZZLE たんじろう ねずこ パズル 鬼滅 鬼退治 無限列車編 アニメ,1760
新品【正規品】鬼滅の刃 ねずこ たんじろう他 毛布 掛毛布 シングル 140×190cm グッズ 竈門炭治郎 竈門禰豆子 我妻善逸 嘴平伊之助 冨岡義勇 胡蝶しのぶ 毀滅の刃 きめつのやいば【公式】【あす楽対応】,3980
送料無料 鬼滅の刃 名場面回顧 カード チョコスナック 03 第四話 最終選別 竈門炭治郎 かまど たんじろう 単品,580
【12月3日9時まで販売終了】パーカー 鬼滅の刃 鬼滅キャラ柄 子供用 おしゃれ 秋 服 出かけ 春秋 送料無料 コート たんじろうキャライメージ柄 アニメ コスプレ 竈門炭治郎 竈門禰豆子 冨岡義勇 我妻善逸 子供 コスプレ,2099
大人気アニメ「鬼滅の刃」きめつのやいば ご当地メタルキーホルダー 福岡限定 明太子 めんたいこ 竈門炭治郎 かまどたんじろう Demon Slayer【新品】40804,880
【送料無料】バンダイ　鬼滅の刃 きめつたまごっち たんじろうっちカラー 送料込み,4200
【鬼滅の刃　ぽふっとぬいぐるみ　〜其ノ壱〜　竈門禰豆子　竈門炭治郎　2種セット】鬼滅の刃　竈門　禰豆子　炭治郎　グッズ　鬼滅　人気　ジャンプ　映画　無限列車　アニメ　漫画　コミック　きめつ　たんじろう　鬼滅　きめつ　フィギュア,2480
鬼滅の刃　きめつのやいば　竈門炭治郎(かまどたんじろう)　マグネットコレクションガム　エンスカイ,680
BANDAI(バンダイ) 鬼滅の刃 眼鏡拭き巾着 メガネケース 竈門炭治郎 (かまどたんじろう),1100
【鬼滅の刃 缶バッジ〜柱登場編〜　冨岡義勇】鬼滅の刃　ぜんいつ　グッズ　鬼滅　人気　ジャンプ　映画　アニメ　漫画　コミック　きめつ　我妻善逸　嘴平伊之助　獣の呼吸　雷の呼吸　炭治郎　竈門　たんじろう　鬼滅　柱　きめつ　缶バッジ,980
【在庫処分セール】人気きめつのやいばのイメージ 鬼殺隊 パーカー 服 可愛い コスプレ鬼滅の刃 パーカー 衣装 コスチューム パーカー 薄め コート ジャケット 長袖 春 秋子供 服 たんじろう ねずこ ぜんいつ かなを しのぶ ぎょうめい おばない,1888
【予約】鬼滅の刃 炭治郎と禰豆子 ジグソーパズル 300ピース パネルNo.3 サイズ26×38cm JIGSAW PUZZLE たんじろう ねずこ パズル 鬼滅 鬼退治 無限列車編 アニメ,1760
【ランキング入賞】鬼 滅　人気きめつのやいばのイメージ 鬼殺隊 パーカー 服 可愛い コスプレ鬼 滅 パーカー 衣装 コスチューム パーカー 薄め コート ジャケット 長袖 春 秋子供 服 たんじろう ねずこ ぜんいつ かなを しのぶ ぎょうめい おばない,2099
鬼滅の刃 グッズ 健康サンダル KM-4501Lたんじろう ぜんいつ ねずこ いのすけ 竈門炭治郎 我妻善逸 竈門禰豆子 嘴平伊之助コスプレ きめつのやいば アニメ マンガ 足つぼ レディースサイズ,2178
【送料無料】 鬼滅の刃 デコステッカー ガム No.08 嘴平伊之助 竈門炭治郎 単品 きめつのやいば 食玩 鬼滅の刃 ステッカー はしびら いのすけ かまど たんじろう,280
新品【正規品】鬼滅の刃 ねずこ たんじろう他 枕 まくら 全3種類 グッズ 43×63 竈門炭治郎 竈門禰豆子 我妻善逸 嘴平伊之助 冨岡義勇 胡蝶しのぶ 毀滅の刃 きめつのやいば【公式】【あす楽対応】クッションとしても使えます♪,1799
鬼滅の刃 【宇髄天元】音柱 ぬいぐるみ うずいてんげん 【在庫有り】 即日出荷 グッズ きめつのやいば 白 日輪刀 Chibiぬいぐるみ 子供 幼稚園 小学校 保育園 コスプレ 和柄 人気柄 キッズ 炭治郎 たんじろう 禰豆子 ねずこ 善逸 ぜんいつ しのぶ 富岡義勇 カナヲ ジャンプ,1980
送料無料 鬼滅の刃 ディフォルメ シールウエハース 其ノ二 2-27 極レア シークレット 竈門炭治郎 我妻 善逸 嘴平伊之助 単品 かまど たんじろう あがつま ぜんいつ はしびら いのすけ 食玩 きめつのやいば きめつ バンダイ グッズ シール 激レア 毀滅 ウエハース2 カード,3980
鬼滅の刃 羽織ワッペン 竈門 炭治郎 かまど たんじろう きめつ 99078,880
送料無料 鬼滅の刃 きめつのやいば トートバッグ メンズ エコバッグ ボトルバッグ 3タイプ 炭治郎 たんじろう 漫画 ジャンプ キャラクター グッズ 男女兼用 プレゼント シンプル バッグ カバン 鞄 通勤 通学 通販 新作 人気 秋 冬 MC,1499
BANDAI　鬼滅の刃　眼鏡拭き巾着　01.竈門炭治郎（かまどたんじろう）,1100
【内袋未開封】鬼滅の刃　きめつのやいば　2-11　竈門炭治郎(かまどたんじろう)　ディフォルメシール ウエハース 其ノ二【ウエハース2】,150
送料無料 鬼滅の刃 ディフォルメ シールウエハース 其ノ二 2-28 極レア シークレット 竈門 禰豆子 竈門 炭治郎 単品 かまど ねずこ かまど たんじろう 食玩 きめつのやいば きめつ バンダイ グッズ シール 激レア 毀滅 ウエハース2 カード,3980
鬼滅の刃 iPhone 11 Pro 対応スクエアガラスケース KMY-11A / 竈門 炭治郎(かまど たんじろう),3608
鬼滅の刃 VIBRATION STARS（バイブレーション スターズ） 竈門炭治郎 フィギュア キメツ　たんじろう　きめつ,2280
送料無料 鬼滅の刃 ディフォルメ シールウエハース 其ノ二 2-20 竈門 炭治郎 単品 かまど たんじろう 食玩 きめつのやいば きめつ バンダイ グッズ シール かまど 毀滅 ウエハース2 カード トレカ,220
【予約安心発送】[FIG]エターナルマスターピース 竈門炭治郎(かまどたんじろう) 鬼滅の刃 完成品 フィギュア ムービック(2021年2月),6730
鬼滅の刃 iPhone11/XR対応スクエアガラスケース　ハードケース 竈門 炭治郎(かまど たんじろう) KMY-08A 送料無料,2560
【送料無料】 鬼滅の刃 デコステッカー ガム No.33 竈門炭治郎 単品 きめつのやいば 食玩 鬼滅の刃 ステッカー かまど たんじろう,280
送料無料 鬼滅の刃 名場面回顧 カード チョコスナック 04 第八話 幻惑の血の香り 竈門炭治郎 珠世 愈史郎 かまど たんじろう ゆしろう たまよ 単品,580
【キルト】★10cm単位続けてカット★鬼滅の刃　サークルフェイス柄　黒　2020　【鬼滅 竈門 炭治郎 かまど たんじろう 竈門 禰豆子 かまど ねずこ 我妻 善逸 あがつま ぜんいつ 嘴平 伊之助 はしびら いのすけ 入園 通園 入学 通学 キルティング】,297
鬼滅の刃 タオル ねずこ たんじろう他 ヨガタオル 全6種類 グッズ バスタオル タペストリー 63×150 竈門炭治郎 竈門禰豆子 我妻善逸 嘴平伊之助 冨岡義勇 胡蝶しのぶ 毀滅の刃 きめつのやいば【あす楽対応】 送料無料,4420
新品【正規品】鬼滅の刃 ねずこ たんじろう他 背当てクッション 両面同柄 スクエア 45×45cm グッズ 竈門炭治郎 竈門禰豆子 我妻善逸 嘴平伊之助 冨岡義勇 胡蝶しのぶ 毀滅の刃 きめつのやいば【公式】【あす楽対応】,1680
【送料無料】 鬼滅の刃 デコステッカー ガム No.29 竈門炭治郎 単品 きめつのやいば 食玩 鬼滅の刃 ステッカー かまど たんじろう,280
送料無料 鬼滅の刃 名場面回顧 カード チョコスナック 05 第九話 手毬鬼と矢印鬼 竈門炭治郎 かまど たんじろう単品,580
送料無料 鬼滅の刃 きめつのやいば トートバッグ メンズ エコバッグ ボトルバッグ 3タイプ 炭治郎 たんじろう 漫画 ジャンプ キャラクター グッズ 男女兼用 プレゼント シンプル バッグ カバン 鞄 通勤 通学 通販 新作 人気 秋 冬 MOSTSHOP,1499
鬼滅 鬼滅バッグ ショルダーバッグ メッセンジャーバッグ スマホケース バック サブバッグ かまど たんじろう ねずこ あがつま ぜんいつ とみおか ぎゆう,2450
【送料無料】 鬼滅の刃 ウエハース2 004 竈門炭治郎（かまどたんじろう) 【場面カード】 単品 きめつのやいば 食玩 鬼滅の刃 カード トレカ,300
【送料無料】 鬼滅の刃 滅！ カプセルラバーマスコット 【竈門炭治郎】 かまど たんじろう 単品,780
【在庫あり】きめつたまごっち たんじろうっちカラー 鬼滅の刃 たまごっち バンダイ BANDAI,4200
【12月3日9時まで販売終了】鬼滅の刃　ソックス靴下 大人用 おしゃれ くつ下 脱げない 綿 コスプレ 雑貨 ファッション グッズ たんじろうキャライメージ柄 アニメ コスプレ 竈門炭治郎 竈門禰豆子 冨岡義勇 我妻善逸 子供 コスプレ,1680
【ポイント2倍】鬼滅の刃 風呂敷|きめつ Demon Slayer Kimetsu no Yaiba きめつのやいば 鬼狩り 鬼殺 竈門 炭治郎 竈門禰豆子 たんじろう ねずこ 大人気 キャラクター 映画 アニメ マンガ 無限列車 ふろしき 平裹 平包 BANDAI バンダイ 和柄,874
鬼滅の刃 グッズ Tシャツ 半袖 レディース メンズ 鬼殺隊 炭治郎 鬼舞辻無惨 時透無一郎 冨岡義勇 胡蝶しのぶ 甘露寺蜜璃 悲鳴嶼行冥 伊黒小芭内 宇随天元 煉獄杏寿郎 禰豆子 我妻善逸 伊之助 ときとう たんじろう ねずこ ぜんいつ いのすけ 大人 送料無料,4200
【オックス】◎約50cm×約50cm 2色セット　鬼滅の刃　シルエット柄　2020　【鬼滅 竈門 炭治郎 かまど たんじろう 竈門 禰豆子 かまど ねずこ 我妻 善逸 あがつま ぜんいつ 嘴平 伊之助 はしびら いのすけ 冨岡 義勇 スモールサイズ】,935
送料無料 鬼滅の刃 きめつのやいば トートバッグ メンズ エコバッグ ボトルバッグ 3タイプ 炭治郎 たんじろう 漫画 ジャンプ キャラクター グッズ 男女兼用 プレゼント シンプル バッグ カバン 鞄 通勤 通学 通販 新作 人気 秋 冬 トップイズム,1499
鬼滅の刃　全集中展　限定　グッズ　 法被　はっぴ　ハッピ　竈門炭治郎　/かまどたんじろう,9980
鬼滅の刃　きめつのやいば　竈門炭治郎＆竈門禰豆子＆我妻善逸＆嘴平伊之助(かまどたんじろう＆かまどねずこ＆あがつまぜんいつ＆はしびらいのすけ)　シール　ばかうけ ごま揚げ　Befco,280
【送料無料】 鬼滅の刃 鬼殺隊缶バッジ 【竈門 炭治郎】 単品 かまど たんじろう 単品,750
嘴平伊之助 お面 仮面 かまど たんじろう 道具 コスプレ武器 COSPLAY 小物 (伊之助1),5418
鬼 滅 刃 き め つ の や い ば コスプレ 服 珠世（たまよ）風 生地 コスチューム キッズ 衣装 なりきり 制服 着物 ハロウィン パーティーたんじろう ねずこ 炭治郎,7980
【送料無料】 鬼滅の刃 コレクターズカード No.15 N 竈門炭治郎 単品 ノーマル きめつのやいば 食玩 鬼滅の刃 ガム かまど たんじろう,780
"5,500円（税込）以上で送料無料！【TAKEMEKI】 和柄道具箱 A4サイズ 鬼滅の刃 (鱗 模様) お道具箱 小物入れ 収納 紙製 貼箱 幼稚園 小学校 プレゼント ギフト 祝い ケース 片付け 整理整頓 きめつのやいば 炭治郎 禰豆子 善逸 たんじろう ねずこ ぜんいつ",1650
【12月中旬発送】 はんてん リバーシブル 鬼滅の刃 市松 炭治郎 たんじろう 麻の葉 禰豆子 ねずこ 鱗 善逸 レディース メンズ 子供 キッズ 還暦祝い 半纏 ちゃんちゃんこ 女性用 レディース 和柄,3960
鬼滅の刃 グッズ スクエアボトル 水筒 お弁当 キッズ ジュニア メンズ レディース 炭治郎 ねずこ 善逸 義勇 たんじろう ぜんいつ ぎゆう 子供 大人 こども きめつ おべんとう 入園 入学,1650
【内袋未開封】鬼滅の刃　きめつのやいば　2-23　竈門炭治郎＆竈門禰豆子(かまどたんじろう＆かまどねずこ)　ディフォルメシール ウエハース 其ノ二【ウエハース2】,200
【送料無料】鬼滅の刃 てぬぐい 1【竈門炭治郎】（35cm×100cm）日本製/タオル/フェイスタオル/和柄/きめつのやいば/フェイスタオル/雑貨/グッズ/キャラクター/アニメ/漫画/映画/手ぬぐい/かまどたんじろう,1210
送料無料 鬼滅の刃 キャラばんちょうこう ラバーマスコット 伍ノ型 竈門炭治郎＆玄弥 単品 かまど たんじろう げんや ガチャ きめつ グッズ 毀滅 柱 ストラップ カプセル 誕プレ レア フィギュア ご当地 キャラ マスコット,750
送料無料 鬼滅の刃 キャラばんちょうこう ラバーマスコット 肆ノ型 竈門炭治郎 ＆ 竈門禰豆子 単品 かまど たんじろう かまど ねずこ,980
鬼滅の刃 グッズ 健康サンダル KM-4503Lたんじろう ぜんいつ ねずこ いのすけ 竈門炭治郎 我妻善逸 竈門禰豆子 嘴平伊之助コスプレ きめつのやいば アニメ マンガ 足つぼ レディースサイズ,2178
【内袋未開封】鬼滅の刃　きめつのやいば　1-13　竈門炭治郎(かまどたんじろう)　ディフォルメシール ウエハース【ウエハース1】,280
【送料無料】 鬼滅の刃 滅！ カプセルラバーマスコット 2 【竈門炭治郎】 かまど たんじろう 単品,698
【内袋未開封】鬼滅の刃　きめつのやいば　2-20　竈門炭治郎(かまどたんじろう)　ディフォルメシール ウエハース 其ノ二【ウエハース2】,150
【送料無料】 鬼滅の刃 えふぉるめ パジャキャラ 缶バッジ 第2弾 【竈門炭治郎】 通常バージョン かまど たんじろう 単品,770
【送料無料】 鬼滅の刃 デコステッカー ガム2 No.18 竈門炭治郎 単品 かまど たんじろう きめつのやいば 食玩 鬼滅の刃 ステッカー トレカ ガチャ きめつ グッズ 毀滅 誕プレ レア,580
【内袋未開封】鬼滅の刃　きめつのやいば　1-01　竈門炭治郎(かまどたんじろう)　ディフォルメシール ウエハース【ウエハース1】,180
【送料無料】 鬼滅の刃 ウエハース2 007 竈門炭治郎（かまどたんじろう)【場面カード】 単品 きめつのやいば 食玩 鬼滅の刃 カード トレカ,300
鬼滅の刃 iPhone12 mini ケース イーフィット クリア IIIIfit Clear キャラクター グッズ 竈門炭治郎 かまど たんじろう KMY-30A,3180
鬼滅の刃 x ラスカル コラボ ボールペン 竈門 炭治郎 （かまど たんじろう）ラスカル きめつのやいば 鬼滅の刃 グッズ 【即納品・即納品のみ同梱可】,620
ランチョンマット 【2枚セット】 送料無料 鬼滅の刃 デザイン ラージサイズ 市松 炭治郎 たんじろう 麻の葉 禰豆子 ねずこ ランチマット ランチクロス 日本製 給食 幼稚園 小学校 保育園 弁当 小風呂敷 エコバッグ 洗える 即日発送 人気柄 キッズ テーブルクロス 抗菌,1998
【送料無料】 鬼滅の刃 ウエハース2 016 竈門炭治郎 (かまど たんじろう) 【場面カード】 単品 きめつのやいば 食玩 鬼滅の刃 カード トレカ,298
鬼滅の刃 公式 グッズ クルトガ シャープペン 0.5 KURUTOGA 筆記 きめつ 竈門 炭治郎 たんじろう 禰豆子 ねずこ 冨岡 義勇 送料無料 文房具 筆記用具 kimetsu,1650
【送料無料】 鬼滅の刃 デコステッカー ガム2 No.17 竈門炭治郎 我妻 善逸 嘴平伊之助 単品 かまど たんじろう あがつま ぜんいつ はしびら いのすけ きめつのやいば 食玩 鬼滅の刃 ステッカー トレカ ガチャ きめつ グッズ 毀滅 誕プレ レア,780
【メール便/送料込み】スポーツタオル/竈門炭治郎(かまど たんじろう) /約34×80cm　きめつのやいば/鬼滅グッズ/スポーツ/ライブ/コンサート/鬼滅の刃 きめつの刃 グッズ フェイスタオル キャラクター 鬼殺隊 柱,1980
ワッペン 鬼滅の刃 竈門炭治郎 かまどたんじろう PML1201-PML03 ワッペン アイロン ブランド 通販 アップリケ ブレザー シャツ エンブレム アルファベット イニシャル ミリタリー 入園 名前 キャラクター SSS,1188
新品【正規品】鬼滅の刃 ねずこ たんじろう他 毛布 掛毛布 ミニ ひざ掛け毛布 70×100cm グッズ 竈門炭治郎 竈門禰豆子 我妻善逸 嘴平伊之助 冨岡義勇 胡蝶しのぶ 毀滅の刃 きめつのやいば【公式】【あす楽対応】,1980
【送料無料】 鬼滅の刃 コレクターズカード No.05 R 竈門炭治郎・竈門禰豆子 単品 レア きめつのやいば 食玩 鬼滅の刃 ガム かまど たんじろう・かまど ねずこ,880
鬼滅の刃 きめつの刃 バスタオル キッズ ジュニア 男の子 女の子 子供 大人 グッズ 竈門炭治郎 たんじろう 竈門禰豆子 ねづこ 我妻善逸 ぜんいつ 嘴平伊之助 いのすけ 富岡義勇 とみおかぎゆう 胡蝶しのぶ こちょう 柱 週刊少年ジャンプ アニメ マンガ 漫画 小学生 中学生,5120
【送料無料】 鬼滅の刃 ウエハース 001 竈門炭治郎【キャラクターカード】 かまど たんじろう 単品 食玩 鬼滅の刃カード トレカ,680
鬼滅の刃 iPhone11 Pro ケース イーフィット クリア IIIIfit Clear キャラクター グッズ 竈門炭治郎 かまど たんじろう KMY-13A,2680
鬼滅の刃　ちりめんがまぐち　炭治郎 /財布　たんじろう　がま口　きめつのやいば　グッズ,3980
【送料無料】 鬼滅の刃 えふぉるめ パジャキャラ 缶バッジ 第2弾 【竈門炭治郎】 ホログラムバージョン かまど たんじろう 単品,770
鬼滅の刃 竈門 炭治郎(かまど たんじろう) ワッペン(直径8cm) シール兼用【RCP】,1320
送料無料【鬼滅の刃　IC パスケース　不死川 実弥　KMY-10N 】グッズ　カード　ケース　携帯　定期　定期入れ　ポーチ　切符　チケット　入れ　SUICA PASMO icoca　ICカード pitapa　定期ケース　定期券　通学　通勤　鬼滅　きめつ　柱　公式　竈門　たんじろう　文具,2178
【送料無料】 鬼滅の刃 えふぉるめ パジャキャラ 缶バッジ 第3弾 【竈門炭治郎】 通常バージョン かまど たんじろう 単品,770
【送料無料】 鬼滅の刃 コレクターズカード No.01 SR 竈門炭治郎 単品 スーパーレア きめつのやいば 食玩 鬼滅の刃 ガム かまど たんじろう,1980
送料無料【鬼滅の刃　竈門 炭治郎　iPhoneSE 第2世代 iPhone8 iPhone7 iPhone6S 6　対応　イーフィット　ハイブリットケース　KMY-12A】スマホケース　携帯　携帯ケース　iPhone　iPhoneケース　スマートフォン　カバー　ケース　アイフォン　かまどたんじろう　鬼滅,2850
送料無料 鬼滅の刃 キャラばんちょうこう ラバーマスコット 伍ノ型 竈門 炭治郎 & 時透 無一郎 単品 かまど たんじろう ときとう むいちろう ガチャ きめつ グッズ 毀滅 柱 ストラップ カプセル 誕プレ レア フィギュア ご当地 キャラ マスコット,980
【送料無料】 鬼滅の刃 コレクターズカード No.06 R 竈門炭治郎・竈門禰豆子 単品 レア きめつのやいば 食玩 鬼滅の刃 ガム かまど たんじろう・かまど ねずこ,880
送料無料 ぴた！でふぉめ 鬼滅の刃 アクリルスタンド 竈門 炭治郎 単品 PITA！ Deforme かまど たんじろう タカラトミーアーツ ガチャ きめつ グッズ 毀滅 柱 ストラップ カプセル 誕プレ レア フィギュア ご当地,880
送料無料 鬼滅の刃 ディフォルメ シールウエハース 其ノ二 2-11 竈門 炭治郎 かまど たんじろう 単品 食玩 きめつのやいば きめつ バンダイ グッズ シール かまど 毀滅 ウエハース2 カード トレカ,280
大判 風呂敷 【送料無料】 鬼滅の刃 デザイン ふろしき 約118cm×116cm 市松 炭治郎 たんじろう 麻の葉 禰豆子 ねずこ 抗菌 包む ランチ 日本製 給食 幼稚園 小学校 保育園 弁当 小風呂敷 エコバッグ 着物 洗える 即日発送 人気柄 キッズ テーブルクロス レジカゴバッグ,2990
送料無料 鬼滅の刃 名場面回顧 カード チョコスナック 01 第一話 残酷 竈門炭治郎 竈門禰豆子 富岡義勇 かまど たんじろう かまど ねずこ とみおか ぎゆう 単品 きめつのやいば 食玩 カード トレカ きめつ グッズ 毀滅 ストラップ カプセル レア フィギュア マスコット,580
(12月10日発売)富士フイルム インスタントカメラ “チェキ” instax mini 11 「炭治郎チェキBOX」 鬼滅の刃 限定BOX (たんじろう)（快適家電デジタルライフ）,24800
鬼滅の刃 シルエット ブラック オックス キルト キルティング 鬼滅の刃 きめつのやいば 炭治郎 たんじろう 羽織 キャラクター 生地 布地 手芸 プリント生地 スモック レッスンバッグ シューズ入れ 体操着入れ 巾着袋 布団袋,297
送料無料 鬼滅の刃 ぴた！でふぉめ 鬼滅の刃 アクリルスタンド 竈門炭治郎・竈門禰豆子 単品 PITA！ Deforme かまど たんじろう・かまど ねずこ タカラトミーアーツ ガチャ きめつ グッズ 毀滅 柱 ストラップ カプセル 誕プレ レア フィギュア ご当地,880
キツネ(狐) 和紙面 アクリル　よさこい お祭り 和傘(舞台稽古)コスプレ・きつねの　お面服飾雑貨・婦人・通年・お着物・浴衣(ゆかた) 鬼滅の刃 鱗滝左近次 うろこだきさこんじ 錆兎 さびと 真菰 まこも 竈門炭治郎 かまどたんじろう 鋼鐵塚蛍 はがねづかほたる,880
鬼滅の刃 iPhoneSE2/8/7/6s/6 ケース イーフィット クリア IIIIfit Clear キャラクター グッズ 竈門炭治郎 かまど たんじろう KMY-12A,2680
人気きめつのやいば 財布 長財布 鬼退治 風 ロング ウォレット 小銭入れ お財布 きめつのやいば グッズ 市松模様（竈門炭次郎）　麻の葉模様（竈門禰豆子）ねずこ プレゼント たんじろう ねずこ ぜんいつ　クリスマスプレゼント,1999
鬼滅の刃 ウエハース2 第2弾 05.錆兎 (さびと) & 竈門炭治郎 (たんじろう) (単品) 鬼滅の刃カード 食玩 きめつのやいば 鬼滅の刃 グッズ 【即納品】,260
鬼滅の刃 ぬいぐるみ グッズ プレゼント バルーン 誕生日 クリスマス 炭治郎 煉獄 富岡 竈門 ねずこ 甘露寺 キメツ きめつのやいば 鬼滅の刃グッズ たんじろう おめん ステッカー キャラクター ツリー,8500
鬼滅の刃 【不死川実弥】風柱 ぬいぐるみ しなずがわさねみ 【在庫有り】 即日出荷 グッズ きめつのやいば 白 日輪刀 Chibiぬいぐるみ 子供 幼稚園 小学校 保育園 コスプレ 人気柄 キッズ 炭治郎 たんじろう 禰豆子 ねずこ 善逸 ぜんいつ しのぶ 富岡義勇 カナヲ ジャンプ,1980
iPhone11対応 カメラカバー 鬼滅の刃 竈門 炭治郎(かまど たんじろう) ガラスカバー KMY-17A 送料無料,1500
【送料無料】 鬼滅の刃 ロングステッカー ガム No.14 竈門炭治郎 単品 きめつのやいば 食玩 鬼滅の刃 ステッカー かまど たんじろう,780
1月末入荷　鬼滅の刃 chibiぬいぐるみ　竈門炭治郎　クリスマス/プレゼント/おままご/ぬいぐるみ/かわいい/ギフト/出産祝い/内祝い/プレゼント/生活雑貨玩具・ホビーぬいぐるみ・人形・アニメキャラ205/かまどたんじろう/ミニ/主人公,1980
おしゃれアクセントに★鬼 滅 刃 風 キーホルダー 蝶 新作 新商品 レディース メンズ キッズ き め つ の や い ば 風 鬼殺隊 柱 ねずこ風 たんじろう風 かなを風 たんじろう風 さびと風 まこも風,980
鬼滅の刃 グッズ 缶バッジ ランダム 1種類 バッヂ キッズ ジュニア レディース メンズ きめつ 炭治郎 ねずこ 善逸 伊之助 時透無一郎 冨岡義勇 胡蝶しのぶ 甘露寺蜜璃 悲鳴嶼行冥 伊黒小芭内 宇随天元 煉獄杏寿郎 たんじろう ぎゆう 大人 子供 送料無料,900
【送料無料】 鬼滅の刃 デコステッカー ガム No.01 竈門炭治郎・竈門禰豆子・我妻 善逸・嘴平伊之助 単品 きめつのやいば 食玩 鬼滅の刃 ステッカー かまど たんじろう・かまど ねずこ・あがつま ぜんいつ・はしびら いのすけ,880
きめつたまごっち たんじろうっちカラー用 改良版2枚組セット【保証期間内1回フィルム無料再送】 専用 ブルーライトカット 反射防止 保護フィルム 指紋防止,844
鬼滅の刃 シール 市松模様緑 竈門炭治郎 サンキューシール ギフトシール Thank you 丸型 角丸四角 たんじろう きめつ ギフト ラッピング 贈り物 ありがとう 感謝 クリスマス プレゼント ラッピング 手帳 かわいい 手紙 メッセージ カード 梱包 ありがとう オリジナルシール,400
【送料無料】 鬼滅の刃 デコステッカー ガム No.07 冨岡義勇 竈門炭治郎 単品 きめつのやいば 食玩 鬼滅の刃 ステッカー とみおか ぎゆう かまど たんじろう,580
iPhone11Pro/11ProMax対応 カメラカバー 鬼滅の刃 竈門 炭治郎(かまど たんじろう) KMY-16A 送料無料,1780
【送料無料】 鬼滅の刃 ウエハース2 025 竈門炭治郎 (たんじろう) 【場面カード】 単品 きめつのやいば 食玩 鬼滅の刃 カード トレカ,550
洗えるマスクケース 抗菌 抗ウイルス 日本製 鬼滅の刃 市松 炭治郎 たんじろう 麻の葉 禰豆子 ねずこ,1100
鬼滅の刃 きめつの刃 バスタオル キッズ ジュニア 男の子 女の子 子供 大人 グッズ 竈門炭治郎 たんじろう 竈門禰豆子 ねづこ 我妻善逸 ぜんいつ 嘴平伊之助 いのすけ 富岡義勇 とみおかぎゆう 胡蝶しのぶ こちょう 柱 週刊少年ジャンプ アニメ マンガ 漫画 小学生 中学生,5120
【鬼滅の刃　Q　posket　我妻善逸　ノーマルカラー】鬼滅の刃　我妻　善逸　Qposket　あがつま　ぜんいつ　雷の呼吸　グッズ　鬼滅　人気　ジャンプ　映画　無限列車　アニメ　漫画　コミック　きめつ　たんじろう　鬼滅　きめつ　フィギュア,1980
洗えるマスクケース 抗菌 抗ウイルス 日本製 鬼滅の刃 市松 炭治郎 たんじろう 麻の葉 禰豆子 ねずこ,1318
鬼滅の刃 フィギュア ARTFX J 鬼滅の刃 竈門炭治郎 (かまど たんじろう) 1/8スケールフィギュア きめつのやいば 鬼滅の刃 グッズ 【即納品・即納品のみ同梱可】,11000
鬼滅の刃 グッズ ソフビ 選べる 2種 ソフビィ クリスマス　 プレゼント バルーン 誕生日 きめつのやいば グッズ 炭治郎　煉獄　富岡　竈門 ねずこ 甘露寺 たんじろう キメツ,4500
鬼滅の刃 ウエハース2 第2弾 01.竈門炭治郎 (たんじろう) ＆ 竈門禰豆子 (ねずこ) (単品) 鬼滅の刃カード 食玩 きめつのやいば 鬼滅の刃 グッズ 【即納品】,240
【メール便送料込み】【アイロン接着 刺繍ワッペン オーダーネーム 市松模様】鬼滅の刃風/たんじろう/入園/入学/オーダーメイド/名前,599
【メール便送料込み】【アイロン接着 刺繍ワッペン オーダーネーム 市松模様】鬼滅の刃風/たんじろう/入園/入学/オーダーメイド/名前,599
【鬼滅の刃 缶バッジ〜柱登場編〜　宇随天元】鬼滅の刃　ぜんいつ　グッズ　鬼滅　人気　ジャンプ　映画　アニメ　漫画　コミック　きめつ　我妻善逸　嘴平伊之助　獣の呼吸　雷の呼吸　炭治郎　竈門　たんじろう　鬼滅　柱　きめつ　缶バッジ,980
バンダイ　鬼滅の刃（きめつのやいば）　シール・アイロン接着両用タイプ　ワッペン　竈門炭治郎（かまどたんじろう）,792
【ネコポス便】 生地 布 【市松模様 2cm角 黒×緑】巾114cm 市松2cm角柄　10cm単位売り 綿100％ 綾織　生地 国産 ※鬼滅の刃オフィシャル生地では有りません 日本の伝統古典柄です 竈門炭治郎(かまどたんじろう)イメージ,319
2枚組 きめつたまごっち たんじろうっちカラー / BANDAI 専用 ブルーライトカット 反射防止 保護フィルム 指紋防止 気泡レス加工 液晶フィルム メール便送料無料,1713
【メール便送料無料】最新版 防犯ブザー 鬼滅の刃 竈門 炭治郎 KMY-21A かまど たんじろう かわいい 大人 女性 防犯 小学生 ランドセル グッズ セキュリティ 防犯 護身 アニメ,2508
〇ショウワノート　鬼滅の刃ミニ学習帳セットA　鬼滅の刃たんじろう・ねずこ　とみおかぎゆう,660
トートバッグ 柄 市松模様 鬼滅の刃風 竈門炭治郎風 きめつ かまどたんじろう ねずこ 禰豆子 ぜんいつ 善逸 冨岡 義勇 麻の葉文様 鱗模様 葡萄色 亀甲柄 炎柄 和柄 トート バッグ 日本製 DEMONSLAYER デーモンスレイヤー,2587
送料無料 鬼滅の刃 名場面回顧 カード チョコスナック 06 第十二話 猪は牙を剥き 善逸は眠る 竈門炭治郎 嘴平伊之助 我妻善逸 かまど たんじろう はしびら いのすけ あがつま ぜんいつ 単品,580
●送料390円可能商品 鬼滅の刃 きめつのやいば グッズ 竈門炭治郎 たんじろう 神楽 耳飾り 柄 バスタオル [SSFMS02452]一 acc★QWER,2748
送料無料 鬼滅の刃 滅！ カプセルラバーマスコット 3 竈門炭治郎 & 竈門禰豆子 単品 かまど たんじろう なでなで かまど ねずこ にこにこ ガチャ きめつ グッズ 毀滅 柱 ストラップ カプセル 誕プレ レア フィギュア ご当地,1480
〇ショウワノート　鬼滅の刃B5　学習帳C　鬼滅の刃　炭治郎　冨岡義勇炭治郎　たんじろう　冨岡義勇　とみおかぎゆう,275
【2種セット】きめつたまごっち たんじろうっち ねずこっち,8600
鬼滅の刃 グッズ ヘアバンド ジュニア レディース 炭治郎 ねずこ 善逸 伊之助 冨岡義勇 禰豆子 たんじろう ぜんいつ いのすけ とみおかぎゆう 大人 子供 きめつ アクセサリー ジャガード生地 ヘアアクセ メール便送料無料,2097
鬼滅の刃　きめつのやいば　1弾　竈門炭治郎(かまどたんじろう)　シール　ばかうけ　Befco,280
鬼 滅 きめつのやいば アイフォン 12 ケース 強化ガラス カバー 鏡面ガラス 携帯カバーiPhone7/8/Plus/XR/X/XS/11/12/Pro ハードケース スマホケース アイフォン スマホカバー コスプレ たんじろう ねずこ ぜんいつ かなを しのぶ　クリスマスプレゼント,1699
鬼滅の刃 ボトル Tシャツ 【A柄(ブラック)】(XS/S/M/L)黒/ジャンプ/漫画/雑貨/グッズ/キャラクター/半袖/ユニセックス/竈門炭治郎/きめつのやいば/かまどたんじろう/タンジロウ,1980
送料無料 鬼滅の刃 名場面回顧 カード チョコスナック 02 第三話 錆兎と真菰 竈門炭治郎 錆兎・真菰 かまど たんじろう さびと まこも 単品 きめつのやいば 食玩 カード トレカ きめつ グッズ 毀滅 ストラップ カプセル レア フィギュア マスコット,580
鬼滅 エプロン 竈門禰豆子 竈門炭治郎 冨岡義勇 我妻善逸 コスプレ きめつ ねずこ たんじろう ぎゆう ぜんいつ クリスマス プレゼント きめつのやいば,2980
鬼滅の刃 公式 グッズ ケーブルバイト 新品 iPhone 保護 きめつ 竈門 炭治郎 たんじろう 禰豆子 ねずこ 胡蝶 しのぶ 冨岡 義勇 甘露寺蜜璃 時透無一郎 送料無料 ケーブルアクセサリ vol.01 kimetsu レターパックプラス配送商品,1500
【新品!!】 きめつたまごっち たんじろうっちカラー,3770
きめつたまごっち たんじろうっちカラー& ねずこっちカラー ＆　ボトルTシャツ C柄 白 M 3点セット 鬼滅の刃 サイズM,9500
きめつたまごっち たんじろうっちカラー& ねずこっちカラー ＆　鬼滅の刃ボトルTシャツ B 白 M 3点セット 鬼滅の刃 サイズM,9500
鬼滅の刃　全集中展　限定　グッズ　 キャラクター アクリルスタンド　 竈門 炭治郎（かまどたんじろう）/アニプレックス アクキー　スタンド　アクリルフィギュア,2980
「UNEILEユニール」鬼滅の刃 バッグ ショルダーバッグ メッセンジャーバッグ スマホケース バック サブバッグ かまど たんじろう ねずこ あがつま ぜんいつ とみおか ぎゆう,2420
新品【正規品】鬼滅の刃【予約品 1月5日発送】 ねずこ たんじろう他キャラクターから選べる 鬼滅の刃 9点セット福袋 鬼滅の刃 セット 鬼滅の刃 グッズ 竈門炭治郎 竈門禰豆子 煉獄杏寿郎 我妻善逸 嘴平伊之助 冨岡義勇 胡蝶しのぶ 時透無一郎 きめつのやいば【公式】,14800
鬼滅の刃 ウエハース2 第2弾 04.竈門炭治郎 (たんじろう) (単品) 鬼滅の刃カード 食玩 きめつのやいば 鬼滅の刃 グッズ 【即納品】,240
鬼滅の刃 【悲鳴嶼行冥】岩柱 ぬいぐるみ ひめじまぎょうめい 【在庫有り】 即日出荷 グッズ きめつのやいば 日輪刀 Chibiぬいぐるみ 子供 幼稚園 小学校 保育園 コスプレ 人気柄 キッズ 炭治郎 たんじろう 禰豆子 ねずこ 善逸 ぜんいつ しのぶ 富岡義勇 カナヲ ジャンプ,1980
鬼滅の刃 iPhone 11 XR スマホケース スクエア ガラス ケース KMY-08A 竈門 炭治郎 かまど たんじろうiPhoneケース iPhone11 iPhoneXR アイフォン 11 xr アイフォンケース 携帯 キャラクター ガラスケース 耐衝撃 大人 カッコいい おしゃれ ペア 可愛い,2920
きめつたまごっち たんじろうっちカラー& ねずこっちカラー ＆　鬼滅の刃ボトルTシャツ B 白 S 3点セット 鬼滅の刃 サイズS,9500
ワッペン 鬼滅の刃 竈門 炭治郎 PML1201-PML03 パイオニア 【KY】 刺しゅうワッペン アイロン接着 たんじろう,1056
送料無料 鬼滅の刃 デコっ！とコースター 【竈門炭治郎】えふぉるめ/コルク/グッズ/雑貨/映画/漫画/イラスト/キャラクター/ジャンプ/かまどたんじろう,1078
鬼滅の刃 【悲鳴嶼行冥】岩柱 ぬいぐるみ ひめじまぎょうめい 【在庫有り】 即日出荷 グッズ きめつのやいば 日輪刀 Chibiぬいぐるみ 子供 幼稚園 小学校 保育園 コスプレ 人気柄 キッズ 炭治郎 たんじろう 禰豆子 ねずこ 善逸 ぜんいつ しのぶ 富岡義勇 カナヲ ジャンプ,1980
【内袋未開封】鬼滅の刃　きめつのやいば　1-26　竈門炭治郎＆なほきよすみ(かまどたんじろう＆なほきよすみ)　ディフォルメシール ウエハース【ウエハース1】,180
鬼滅の刃 ミニアクリルアート 竈門炭治郎 (かまど たんじろう) きめつのやいば 鬼滅の刃 グッズ 【即納品・即納品のみ同梱可】,1980
【送料無料】 鬼滅の刃 キャラばんちょうこう ラバーマスコット 参ノ型 【竈門 炭治郎】 単品 かまど たんじろう,980
洗えるマスクケース 抗菌 抗ウイルス 日本製 鬼滅の刃 市松 炭治郎 たんじろう 麻の葉 禰豆子 ねずこ,1100
鬼滅の刃 ウエハース2 第2弾 06.竈門炭治郎 (たんじろう) (単品) 鬼滅の刃カード 食玩 きめつのやいば 鬼滅の刃 グッズ 【即納品】,260
きめつ 大人気 アニメ「竈門 炭治郎」かまどたんじろう コスプレ ウィッグ 大人用 30cm 新年会　クリスマス cosplay 文化祭 学園祭,3980
グルマンディーズ KMY-07A(竈門 炭治郎 かまど たんじろう) iPhone8/7用 スクエアガラスケース 鬼滅の刃,2236
宇治 京扇堂洗えるオーガニックダブルガーゼマスクピンク麻の葉　大人用【日本製 オーガニックコットン 洗える 感染予防 布マスク 柄 市松模様 鬼滅の刃風 竈門炭治郎風 かまどたんじろう ねずこ 禰豆子 洗濯 大人用】12月16日前後にて発送予定,880
【オックス】★10cm単位続けてカット★鬼滅の刃　鍔（つば）とモチーフ柄　2020　【鬼滅 竈門 炭治郎 かまど たんじろう 竈門 禰豆子 かまど ねずこ 我妻 善逸 あがつま ぜんいつ 嘴平 伊之助 はしびら いのすけ 冨岡 義勇 とみおか ぎゆう】,187
【新品】 鬼滅の刃 一番くじ A賞 竈門炭治朗（かまど たんじろう） フィギュア,17800
【メール便＆送料無料】鬼滅の刃　市松　麻の葉　小風呂敷　50cm　防災用　抗菌　抗ウイルス　コスプレ　人気柄　綿100％　炭治郎　たんじろう　禰豆子 ねずこ　日本製　レジかごバック　全2柄　着物　小紋　ふろしき,800
キャラクターワッペン アップリケ PML1201-PML03鬼滅の刃 竈門 炭治郎（かまど たんじろう） シール接着・アイロン接着両用タイプ,1320
鬼滅の刃 グッズ スクエアボトル 水筒 お弁当 キッズ ジュニア メンズ レディース 炭治郎 ねずこ 善逸 義勇 たんじろう ぜんいつ ぎゆう 子供 大人 こども きめつ おべんとう 入園 入学,1485
大人気アニメ「鬼滅の刃」きめつのやいば ご当地メタルキーホルダー 福岡限定 とんこつラーメン 竈門炭治郎 かまどたんじろう Demon Slayer【新品】40801,880
炭治郎 禰豆子 鬼滅の刃 公式 きめつ グッズ たんじろう ねずこ なりきり バンダナ 麻の葉 市松 ハンカチ 鬼殺隊 バンダイ //メール便発送可,770
【鬼滅の刃】エクストラ寝そべりぬいぐるみVol.1 ●竈門炭治郎（かまどたんじろう）【単品】,1780
【メール便＆送料無料】鬼滅の刃　市松　麻の葉　大判風呂敷　116cm　防災用　抗菌　抗ウイルス　コスプレ　人気柄　綿100％　炭治郎　たんじろう　禰豆子 ねずこ　日本製　レジかごバック　全2柄　着物　小紋　ふろしき,2500
鬼滅の刃 ボトル Tシャツ 【B柄(ホワイト)】(XS/S/M/L)黒/ジャンプ/漫画/雑貨/グッズ/キャラクター/半袖/ユニセックス/竈門炭治郎/きめつのやいば/かまどたんじろう/タンジロウ,1980
鬼 滅 きめつのやいば アイフォン 12 ケース 強化ガラス カバー 鏡面ガラス 携帯カバーハードケース スマホケース アイフォン スマホカバー コスプレ たんじろう ねずこ ぜんいつ かなを しのぶ　クリスマスiPhone7/8/Plus/XR/X/XS/11/12/Pro プレゼント ギフト,1499
【鬼滅の刃 たこ焼き 2 メタルキーホルダー 竈門炭治郎】大阪　お土産　大阪土産　人気　雑貨　キャラクター　関西　ご当地　おみやげ　かまど　たんじろう　きめつ　鬼滅　キーホルダー　竈門　炭治郎,440
マスク 日本製 鬼滅の刃 市松 炭治郎 たんじろう 洗える ガーゼマスク 布マスク 抗菌防臭 1枚 白 大人用 子供用 ノーズワイヤー プリーツ,1978
送料無料 鬼滅の刃 キャラばんちょうこう ラバーマスコット 肆ノ型 竈門炭治郎 ＆ 冨岡義勇 単品 かまど たんじろう とみおか ぎゆう,980
【送料無料】 鬼滅の刃 ウエハース2 026 竈門炭治郎 (たんじろう) ＆ 竈門禰豆子 (ねずこ)【ビジュアルカード】 単品 きめつのやいば 食玩 鬼滅の刃 カード トレカ,780
【yukimaturi】鬼滅の刃 竈門 炭治郎（かまど たんじろう）日輪刀,13000
送料無料 鬼滅の刃 きめつのやいば トートバッグ メンズ エコバッグ ボトルバッグ 3タイプ 炭治郎 たんじろう 漫画 ジャンプ キャラクター グッズ 男女兼用 プレゼント シンプル バッグ カバン 鞄 通勤 通学 通販 新作 人気 秋 冬 CASUALINASE,1499
【中古】[FIG]鬼滅の刃 スーパープレミアムフィギュア 竈門炭治郎(かまどたんじろう) プライズ セガ(20191031),2080
鬼滅の刃　きめつのやいば　竈門炭治郎＆竈門禰豆子(かまどたんじろう＆かまどねずこ)　マグネットコレクションガム　エンスカイ,580
ワッペン 鬼滅の刃 竈門 炭治郎 BAN800-BAN01 パイオニア 【KY】 刺しゅうワッペン アイロン接着 たんじろう,704
鬼滅の刃　きめつのやいば　竈門炭治郎＆竈門禰豆子(かまどたんじろう＆かまどねずこ)　マグネットコレクションガム　エンスカイ,580
【鬼滅の刃 八ツ橋メタルキーホルダー 竈門炭治郎】京都　お土産　人気　雑貨　キャラクター　関西　ご当地　おみやげ　みやげ　かまど　たんじろう　きめつ,440
鬼滅の刃 iPhone SE 8 7 スマホ ケース スクエア ガラス ケース KMY-07A 竈門 炭治郎 かまど たんじろうiPhoneケース iPhoneSE iPhone8 iPhone7 アイフォン アイフォンケース スマホケース 携帯 キャラクター ガラスケース 耐衝撃 大人 カッコいい おしゃれ ペア 可愛い,2920
鬼滅の刃 キャラスタムステッカー KMY-09A / 竈門 炭治郎(かまど たんじろう),968
【フルセット】 竈門炭治郎 完璧セット コスプレ 衣装 鬼滅 きめつのやいば かまどたんじろう 市松模様 撮影 イベント 仮装 コスチューム パーティ ハロウィン クリスマス プレゼント,11480
鬼滅の刃 とじコレ 待合茶屋 缶バッジ 竈門 炭治郎 かまど たんじろう 少年ジャンプ コミック ツインクル 単品,660
【鬼滅の刃　防犯ブザー　竈門 炭治郎　KMY-21A】キャラクター　グッズ　通学　小学生　男の子　女の子　男児　女児　護身　アラーム　ランドセル　取り付け　入学　大きい音　防犯　ブザー　防犯アラーム　緊急ブザー　迷子防止　安全　かまどたんじろう　きめつ　鬼滅,2180
鬼滅の刃 iPhone8/7対応スクエアガラスケース　ハードケース 竈門 炭治郎(かまど たんじろう) KMY-07A 送料無料,2670
【中古】【箱難あり】[FIG]一番くじ 鬼滅の刃 〜無限列車編〜 I賞 竈門炭治郎(かまどたんじろう) ちょこのっこフィギュア〜うたた寝ver.〜 プライズ バンダイスピリッツ(20201031),1512
【送料無料】 鬼滅の刃 ウエハース2 021 竈門炭治郎 (たんじろう) & 嘴平 伊之助 (いのすけ) 【場面カード】 単品 きめつのやいば 食玩 鬼滅の刃 カード トレカ,380
【送料無料】 鬼滅の刃 コレクターズカード No.09 R 竈門炭治郎・栗花落カナヲ・我妻 善逸・玄弥 単品 レア きめつのやいば 食玩 鬼滅の刃 ガム かまど たんじろう・つゆり カナヲ・あがつま ぜんいつ・げんや,1280
子ども 防犯ブザー かわいい 鬼滅の刃 小学生 男の子 女の子 竈門 炭治郎 かまど たんじろう 我妻 善逸 あがつま ぜんいつ 嘴平 伊之助 はしびら いのすけ 冨岡 義勇 とみおか ぎゆう 防犯グッズ 大音量 警報アラーム 通勤 通学 コンパクト キッズ プレゼント おしゃれ,2508
【送料無料】 鬼滅の刃 ウエハース2 032 竈門炭治郎（かまどたんじろう＆富岡義勇 (とみおかぎゆう) ＆ 胡蝶しのぶ (こちょう しのぶ) 【ビジュアルカード】 単品 きめつのやいば 食玩 鬼滅の刃 カード トレカ,980
鬼 滅 刃 風 ショルダーバッグ サコッシュ バッグ レディース メンズ キッズ き め つ の や い ば風 鬼殺隊 柱 煉獄風 れんごく風 かなを風 ねずこ風 たんじろう風 ぜんいつ風 ぎゆう風 おしゃれ,1980
鬼滅の刃 きめつの刃 グッズ バスタオル キッズ ジュニア 男の子 女の子 子供 大人 竈門炭治郎 たんじろう 竈門禰豆子 ねずこ 我妻善逸 嘴平伊之助 いのすけ 富岡義勇 とみおかぎゆう 胡蝶しのぶ 柱 週刊少年ジャンプ アニメ マンガ 漫画 キャラクター,4608
【鬼滅の刃　竈門 炭治郎　羽織　ワッペン　BAN800-BAN01】こども　子ども　男の子　女の子　保育園　小学生　ワッペン　アップリケ　接着　手さげ袋　アイロン　シール　刺繍　かばん　リメイク　学校　スモック　かまどたんじろう　鬼滅　きめつ,880
鬼滅の刃 ウエハース2 第2弾 16.竈門炭治郎 (かまど たんじろう) (単品) 鬼滅の刃カード 食玩 きめつのやいば 鬼滅の刃 グッズ 【即納品】,260
鬼滅の刃 サンダル【竈門炭治郎】(サイズ：M/L/XL) 鬼滅/たんじろう/タンジロウ/漫画/ぬいぐるみ/おもちゃ/アニメ/グッズ/雑貨/キャラクター/コレクション/ギフト/プレゼント/健康サンダル/スリッパ,2200
【鬼滅の刃 缶バッジ〜柱登場編〜　嘴平伊之助】鬼滅の刃　ぜんいつ　グッズ　鬼滅　人気　ジャンプ　映画　アニメ　漫画　コミック　きめつ　我妻善逸　嘴平伊之助　獣の呼吸　雷の呼吸　炭治郎　竈門　たんじろう　鬼滅　柱　きめつ　缶バッジ,980
鬼滅の刃コスプレ　竈門炭治郎かまど たんじろう　変装　コスチューム　着物　夏　セット入り　子供用サイズ　110-150cm身長に合う　コスプレ衣装 学園祭 文化祭 仮装 クリスマスパーティー　大人気漫画,5330
【送料無料】 鬼滅の刃 コレクターズカード No.08 R 竈門炭治郎・竈門禰豆子・我妻 善逸・嘴平伊之助 冨岡義勇 鱗滝左近次 単品 レア きめつのやいば 食玩 ガム かまど たんじろう・かまど ねずこ・あがつま ぜんいつ・はしびら いのすけ とみおか ぎゆう うろこだき,1280
【送料無料】 鬼滅の刃 ウエハース2 029 竈門炭治郎 (かまど たんじろう) ＆ 累 (るい) 【ビジュアルカード】 単品 きめつのやいば 食玩 鬼滅の刃 カード トレカ,580
送料無料【鬼滅の刃　IC パスケース　竈門　炭治郎　KMY-10A 】グッズ　カード　ケース　携帯　定期　定期入れ　ポーチ　切符　チケット　入れ　SUICA PASMO icoca　ICカード pitapa　定期ケース　定期券　通学　通勤　鬼滅　きめつ　柱　公式　竈門　たんじろう　文具,2178
きめつたまごっち たんじろうっちカラー鬼滅の刃 たまごっち,5980
宇治 京扇堂洗えるオーガニックダブルガーゼマスク緑格子　大人用【日本製 オーガニックコットン 洗える 感染予防 布マスク 柄 市松模様 鬼滅の刃風 竈門炭治郎風 かまどたんじろう ねずこ 禰豆子 洗濯 大人用】12月16日前後にて発送予定,880
鬼滅の刃 風呂敷 竈門炭治郎 約50×50cm 綿100％ ふろしき 日本製 かまど たんじろう きめつのやいば,880
【鬼滅の刃 缶バッジ〜柱登場編〜　煉獄杏寿郎】鬼滅の刃　ぜんいつ　グッズ　鬼滅　人気　ジャンプ　映画　アニメ　漫画　コミック　きめつ　我妻善逸　嘴平伊之助　獣の呼吸　雷の呼吸　炭治郎　竈門　たんじろう　鬼滅　柱　きめつ　缶バッジ,980
送料無料【鬼滅の刃　iPhone11/ XR　対応　スクエアガラスケース　竈門 炭治郎　KMY-08A】スマホケース　携帯　携帯ケース　スマホ　ケース　iPhone　iPhoneケース　スマートフォン　カバー　ケース　アイフォン　かまどたんじろう　きめつ　鬼滅　iPhone11　iPhoneXR,2640
公式【鬼滅の刃　モチーフ柄　サンダル 竈門　炭治郎　KM4501 】ベナッシ　シャワーサンダル　健康サンダル　　婦人　紳士　こども　グッズ　スニーカー　アウトドア　ベランダ　男女兼用　映画　アニメ　漫画　コミック　きめつ　たんじろう　鬼滅　靴　23cm 24cm 25cm,2150
鬼滅の刃 iPhone11 ケース スクエア ガラスケース キャラクター グッズ 竈門炭治郎 かまど たんじろう KMY-08A,2680
鬼滅の刃 竈門 炭治郎 かまど たんじろう マグネットクリップ 少年ジャンプ コミック 単品 鬼殺隊 マグネット クリップ,1100
公式【鬼滅の刃　モチーフ柄　サンダル 竈門　炭治郎　KM4501 】ベナッシ　シャワーサンダル　健康サンダル　　婦人　紳士　こども　グッズ　スニーカー　アウトドア　ベランダ　男女兼用　映画　アニメ　漫画　コミック　きめつ　たんじろう　鬼滅　靴　23cm 24cm 25cm,2150
【鬼滅の刃 缶バッジ〜柱登場編〜　不死川実弥】鬼滅の刃　ぜんいつ　グッズ　鬼滅　人気　ジャンプ　映画　アニメ　漫画　コミック　きめつ　我妻善逸　嘴平伊之助　獣の呼吸　雷の呼吸　炭治郎　竈門　たんじろう　鬼滅　柱　きめつ　缶バッジ,980
鬼滅の刃 竈門炭治郎(かまど たんじろう) 鬼殺隊隊服 コスプレ衣装 cosplay コスチューム パーティー ハロウィン仮装 送料無料,7678
【送料無料】 鬼滅の刃 ウエハース2 022 竈門炭治郎 (たんじろう) & 胡蝶しのぶ (こちょう しのぶ) 【場面カード】 単品 きめつのやいば 食玩 鬼滅の刃 カード トレカ,580
バスタオル 鬼滅の刃 ヨガタオル 竈門炭治郎 タオル グッズ たんじろう 主人公 （ 送料無料 鬼滅 きめつのやいば キャラクタータオル ヨガ スポーツタオル ビーチタオル ジム アウトドア フェス スイミング ポーチ 63×150cm ）【39ショップ】,4400
"【公式ライセンス商品】 キャラクターワッペン 鬼滅の刃 #07 刀の鍔 炭治郎 アイロン接着 2021年春向け最新柄 入園用 入学用の手作りグッズに。きめつのやいば character wappen, かたなのつば かまどたんじろう",880
鬼 滅 きめつのやいば スマホケース 2枚セット アイフォン 12 ケース ソフトカバー 携帯カバーハードケース アイフォン スマホカバー コスプレ たんじろう ねずこ ぜんいつ かなを しのぶ　クリスマスiPhone7/8/Plus/XR/X/XS/11/12/Pro プレゼント ギフト,1899
きめつたまごっち たんじろうっちカラー ねずこっちカラー 2種セット 鬼滅の刃 たまごっち,10059
鬼滅の刃 x ラスカル コラボ デカキーホルダー 竈門 炭治郎 （かまど たんじろう）ラスカル きめつのやいば 鬼滅の刃 グッズ 【即納品・即納品のみ同梱可】,800
「鬼滅の刃」きめつのやいば ご当地メタルキーホルダー どんたく 竈門炭治郎 かまどたんじろう Demon Slayer【新品】40831,880
レディース　【鬼滅の刃】とじコレソックス[竈門炭治郎]　靴下/22〜24cm/婦人/ガールズ/ボーイズ/キッズ/きめつ/たんじろう,550
公式【鬼滅の刃　竈門 炭治郎　USB　充電式　ハンディ　ファン 】扇風機　せんぷうき　ネック　ミニ扇風機　安全　ファン　涼しい　夏　グッズ　携帯用　お外　携帯　スタンド　ハンディファン　アウトドア　充電　キャラクター　鬼滅　きめつ　アニメ　たんじろう　グッズ,2780
ペアver. 鬼滅の刃 バルーンラッピング 竈門炭治郎 たんじろう 竈門禰豆子 ねずこ 冨岡義勇 ぎゆう 胡蝶しのぶ こちょう 我妻善逸 ぜんいつ 甘露寺蜜璃 かんろじ 伊黒小芭内 いぐろ 誕生日 電報 結婚式 ぬいぐるみ きめつのやいば グッズ 入籍祝い クリスマス,11900
マスク 日本製 鬼滅の刃 市松 炭治郎 たんじろう 洗える ガーゼマスク 布マスク 抗菌防臭 1枚 白 大人用 子供用 ノーズワイヤー プリーツ,1978
iphone12シリーズ対応 iphone用ケース きめつのやいば インスパイア 12ProMAX 12Pro iPhone SE 2020 アニメ きめつ たんじろう ねずこ ぜんいつ 送料無料,1762
【公式ライセンス商品】　鬼滅の刃　炭治郎半纏　鬼滅　炭治郎　かまどたんじろう　たんじろう　半纏　はんてん　ハンテン　なりきり　XS〜L,3630
鬼滅の刃 箸＆箸置きセット きめつのやいば グッズ 天削り塗箸 たんじろう ねずこ ぜんいつ いのすけ pz-kimetuset05【P】,1760
【鬼滅の刃 京都タワーメタルキーホルダー 竈門炭治郎】京都　お土産　人気　雑貨　キャラクター　関西　ご当地　おみやげ　みやげ　かまど　たんじろう　きめつ,440
sale マスク 洗える 3枚 布マスク 洗濯可能 ベア天竺素材 セット 繰り返し使用可能 洗えるマスク 大人 子ども カラー豊富 花粉症対策 飛沫感染 風邪予防 唐松模様 鬼滅の刃 竈門炭治郎 たんじろう,850
和紙面（小） キツネ(狐)よさこい お祭り 和傘(舞台のお稽古)コスプレ・きつねの　お面服飾雑貨・婦人・通年・お着物・浴衣(ゆかた) 鬼滅の刃 鱗滝左近次 うろこだきさこんじ 錆兎 さびと 真菰 まこも 竈門炭治郎 かまどたんじろう,330
送料無料【鬼滅の刃　IC パスケース　宇髄 天元　KMY-10H 】グッズ　カード　ケース　携帯　定期　定期入れ　ポーチ　切符　チケット　入れ　SUICA PASMO icoca　ICカード pitapa　定期ケース　定期券　通学　通勤　鬼滅　きめつ　柱　公式　竈門　たんじろう　文具,2178
【即納】【在庫あり】鬼滅の刃 竈門 炭治郎 iPhone 11 Pro Max iPhone 11 Pro カメラレンズ KMY-16A【4237】保護フィルム カメラカバー きめつのやいば カメラユニット スマホアクセ かまど たんじろうグルマンディーズ,2178
【メール便＆送料無料】鬼滅の刃　市松　麻の葉　ミニ　東袋　33cm　エコバック　お弁当　抗菌　抗ウイルス　コスプレ　人気柄　綿100％　炭治郎　たんじろう　禰豆子 ねずこ　日本製　レジかごバック　全2柄　着物　小紋,1500
生地 大市松 市松 鬼滅の刃風 鬼滅 ちりめん 日本製 市松模様 チェック柄 緑 グリーン 黒 緑 コスプレ マスク マスク用 手作り裁縫 手芸 ハンドメイド 炭治郎風 竈門炭治郎風 炭治郎 たんじろう かわいい かっこいい 入学 入園,1540
鬼滅の刃 サンキューシール ギフトシール 竈門禰豆子 竈門炭治郎 我妻善逸 シール きめつ ねずこ たんじろう ぜんいつ きめつのやいば 市松模様 麻の葉模様 鱗模様 Thank you 丸型 角丸四角 クリスマス プレゼント ラッピング 手帳 かわいい メッセージ 梱包 ありがとう,450
【鬼滅の刃　Q　posket　我妻善逸　2種セット】鬼滅の刃　我妻　善逸　Qposket　あがつま　ぜんいつ　雷の呼吸　グッズ　鬼滅　人気　ジャンプ　映画　無限列車　アニメ　漫画　コミック　きめつ　たんじろう　鬼滅　きめつ　フィギュア,3280
鬼滅の刃 てくトコアクリルフィギュア 第一弾 竈門炭治郎 (かまど たんじろう) きめつのやいば 鬼滅の刃 グッズ 【即納品・即納品のみ同梱可】,980
送料無料【鬼滅の刃 ＆ yu キーチェーンマスコット 我妻　善逸　単品】ぬいぐるみ　グッズ　鬼滅　鬼殺隊　ジャンプ　映画　アニメ　漫画　コミック　きめつ　 我妻　善逸　嘴平　伊之助　たんじろう　炭治郎,1000
鬼滅の刃 防犯ブザーKMY-21A 竈門炭治郎かまどたんじろう,2499
鬼滅の刃 ウエハース2 第2弾 07.竈門炭治郎 (たんじろう) (単品) 鬼滅の刃カード 食玩 きめつのやいば 鬼滅の刃 グッズ 【即納品】,200
鬼滅の刃 ペット服 猫 小型犬 竈門 炭治郎 （かまど たんじろう）鬼殺隊隊服 コスプレ衣装 ペットウェア キャットウェア ドッグウェア きめつのやいば かわいい 猫服 犬服 送料無料,5478
鬼滅の刃 グッズ メガネケース 眼鏡拭き 巾着01 竈門 炭治郎 かまど たんじろう,1100
送料無料【鬼退治　和柄　マルチケース　約9.5×5.5cm】小物入れ　ポーチ　キーケース　子供　大人　キー　ケース　鍵　カギ　カギ入れ　収納　カード入れ　キャラクター　雑貨　ギフト　プレゼント　鬼滅　きめつ　たんじろう　ねずこ　の刃　キーホルダー,1580
鬼滅の刃 選べる マグカップ バルーン クリスマス プレゼント 誕生日 鬼滅の刃グッズ たんじろう ねずこ しのぶ ぜんいつ きめつのやいば グッズ 炭治郎　煉獄 ねずこ キメツ バルーンアレンジ クリスマスツリー クリスマスプレゼント,4980
【キルト】★10cm単位続けてカット★鬼滅の刃　全身柄　青　2020　【鬼滅 竈門 炭治郎 かまど たんじろう 竈門 禰豆子 かまど ねずこ 我妻 善逸 あがつま ぜんいつ 嘴平 伊之助 はしびら いのすけ 入園 通園 入学 通学 キルティング】,297
レディース【鬼滅の刃】とじコレ ソックス[竈門炭治郎]　靴下/22〜24cm/婦人/ガールズ/ボーイズ/キッズ/きめつ/たんじろう,790
鬼滅の刃 ウエハース2 第2弾 15.竈門炭治郎 (かまど たんじろう) (単品) 鬼滅の刃カード 食玩 きめつのやいば 鬼滅の刃 グッズ 【即納品】,320
鬼滅の刃 LEDプロジェクターライト (B) KY-15B鬼滅の刃/きめつのやいば/テレビアニメ/漫画/映画/キャラクター/たんじろう/ぎゆう/しのぶ/インテリア/照明【あす楽対応】,880
【ネコポス便】 生地 布 【市松模様 (大) 約6.5cm角 黒×緑 ブロード(薄手)】巾110cm 10cm単位売り 綿100％ ※鬼滅の刃オフィシャル生地では有りません 日本の伝統古典柄です 竈門炭治郎(かまどたんじろう)イメージ,319
鬼 滅 刃 き め つ や い ば 風 トートバッグ 手提げ バッグ お買い物袋 ショッピング 幼稚園 小学校 絵本袋 エコバック きめつのやいば風 鬼殺隊 柱 ねずこ風 たんじろう風 ぜんいつ風 ぎゆう風 おしゃれ,1980
鬼 滅 刃風 コスプレ 服 竈門 炭治郎風（かまど たんじろう）風 き め つ や い ば コスチューム 衣装 イヤリング なりきり 制服 着物 ハロウィン パーティー,6980
鬼滅の刃 Chibiぬいぐるみ 兄妹の絆セット 炭治郎(たんじろう) 禰豆子 (ねずこ) クリスマスラッピング きめつのやいば 鬼滅の刃 グッズ Xmas【予約品】,4980
【鬼滅の刃　応援　アクリル　バッジ】バッジ　グッズ　コレクション　アクリル　応援　我妻善逸　嘴平伊之助　獣の呼吸　雷の呼吸　炭治郎　竈門　たんじろう　鬼滅　柱　きめつ,759
【鬼滅の刃　UFOつままれ　アクリルキーチェーン　マスコット　嘴平　伊之助（素顔）】ぜんいつ　グッズ　鬼滅　人気　ジャンプ　映画　アニメ　漫画　コミック　きめつ　我妻善逸　嘴平伊之助　獣の呼吸　雷の呼吸　炭治郎　竈門　たんじろう　鬼滅　柱　きめつ　アクキー,980
★SS特価！目玉アイテム★ 「鬼滅の刃」 アクセサリーキット バッグチャーム 竈門炭治郎 （ かまど たんじろう ）,2178
きめつたまごっち たんじろうっちカラー用 改良版2枚組セット【保証期間内1回フィルム無料再送】 専用 高硬度9H ブルーライトカット クリア光沢 保護フィルム,954
きめつたまごっち 3種セット たんじろうっち ねずこっち きさつたいっち 鬼滅の刃 送料無料 プレミア価格,17990
きめつたまごっち たんじろうっちカラー用 改良版2枚組セット【保証期間内1回フィルム無料再送】 専用 強化ガラス と 同等の 高硬度9H 保護フィルム,913
【12月3日9時まで販売終了】鬼滅の刃　ソックス 大人用 おしゃれ くつ下 脱げない 綿 コスプレ 雑貨 ファッション グッズ たんじろうキャライメージ柄 アニメ コスプレ 竈門炭治郎 竈門禰豆子 冨岡義勇 我妻善逸 子供 コスプレ,1680
【鬼滅の刃　UFOつままれ　アクリルキーチェーン　マスコット　嘴平　伊之助】鬼滅の刃　ぜんいつ　グッズ　鬼滅　人気　ジャンプ　映画　キーホルダー　キャラクター　きめつ　我妻善逸　嘴平伊之助　獣の呼吸　雷の呼吸　炭治郎　竈門　たんじろう　鬼滅　柱　きめつ,980
きめつたまごっち たんじろうっち＆ねずこっち＆きさつたいっち 3種類セット 鬼滅の刃 たんじろうっち ねずこっち きさつたいっち 鬼滅 たまごっち,11900
【送料無料沖縄・離島除く】【ご注文日より7日〜15日以内発送】ハロウィン 仮装 羽織 コスプレ衣装 大人用 子供用 ねずこ風 たんじろう風 カナヲ風 胡蝶しのぶ風 我妻善逸風 冨岡義勇風,2699
マフラー スカーフ 寒い冬にアタッカグッズ ねずこ たんじろう クリスマス プレゼント お土産 子ども キッズ 大人 共通,2202
鬼滅の刃 きめつたまごっち 名入れ オリジナルプレート付き たんじろうっち アクリル キーホルダー バンダイ たまごっち プレゼント クリスマス 誕生日 男の子 女の子 6歳 7歳 8歳 9歳 10歳 11歳,5980
【在庫あり】きめつたまごっち 2個セット たんじろうっち ねずこっち 鬼滅の刃 たまごっち バンダイ BANDAI,8950
鬼滅の刃 公式 グッズ キューブ ポーチ きめつ 竈門 炭治郎 たんじろう 禰豆子 ねずこ 四角 立方体 小物入れ バンダイ 送料無料 kimetsu,1500
鬼滅の刃 クルトガ シャープペン 第壱弾 竈門炭治郎 (かまど たんじろう) きめつのやいば 鬼滅の刃 グッズ 【即納品・即納品のみ同梱可】 文房具 筆記用具,1100
大人気アニメ「鬼滅の刃」ご当地メタルキーホルダー　福岡限定 にわかせんべい 竈門炭治郎 かまどたんじろう【新品】40797,880
大人気アニメ「鬼滅の刃」ご当地メタルキーホルダー　福岡限定 にわかせんべい 竈門炭治郎 かまどたんじろう【新品】40797,880
竈門 炭治郎風（かまど たんじろう）風 鬼 滅 刃 コスプレ 服 き め つ の や い ば コスチューム 子供 子ども 子供用 キッズ キッズ用衣装 イヤリング なりきり ウイッグ付き セット 制服 着物 ハロウィン 七五三 パーティー 100 110 120 130 140 150,9880
送料無料【鬼滅の刃　IC パスケース　伊黒 小芭内　KMY-10M 】グッズ　カード　ケース　携帯　定期　定期入れ　ポーチ　切符　チケット　入れ　SUICA PASMO icoca　ICカード pitapa　定期ケース　定期券　通学　通勤　鬼滅　きめつ　柱　公式　竈門　たんじろう　文具,2178
【送料無料】 鬼滅の刃 ここみえアクリルフィギュア 弐ノ型 【竈門炭治郎】 単品 かまど たんじろう,1480
送料無料 鬼滅の刃 キャラばんちょうこう ラバーマスコット 肆ノ型 竈門炭治郎 ＆ 嘴平伊之助 ＆ 我妻 善逸 単品 かまど たんじろう あがつま ぜんいつ はしびら いのすけ,1280
【送料無料】 鬼滅の刃 コレクターズカード2 No.5 R 竈門炭治郎 レア 単品 レア きめつのやいば 食玩 鬼滅の刃 ガム かまど たんじろう,980
鬼滅の刃 クルトガ シャープペン 第壱弾 竈門炭治郎 (かまど たんじろう) きめつのやいば 鬼滅の刃 グッズ 【即納品・即納品のみ同梱可】 文房具 筆記用具,1100
【鬼滅の刃 ＆ yu キーチェーンマスコット 我妻　善逸　単品】ぬいぐるみ　グッズ　鬼滅　鬼殺隊　ジャンプ　映画　アニメ　漫画　コミック　きめつ　 我妻　善逸　嘴平　伊之助　たんじろう　炭治郎,980
防犯ブザー 鬼滅の刃 小学生 男の子 女の子 通学 子ども かわいい 竈門 炭治郎 かまど たんじろう 我妻 善逸 あがつま ぜんいつ 嘴平 伊之助 はしびら いのすけ 冨岡 義勇 とみおか ぎゆう 防犯グッズ 大音量 警報アラーム 通勤 コンパクト キッズ プレゼント おしゃれ,2508
鬼滅の刃 スポーツ タオル 竈門 炭治郎 かまど たんじろう 少年ジャンプ コミック 単品 鬼殺隊 柱 水柱 汗ふきタオル 洗顔タオル,2420
鬼滅の刃 DX 日輪刀 きめつたまごっち たんじろうっちカラー セット 炭治郎 剣 刀 男の子 おもちゃ バンダイ クリスマス プレゼント 新品 プレミア価格 送料無料 翌日発送,18990
【鬼滅の刃 たこメタルキーホルダー 竈門炭治郎】大阪　お土産　人気　雑貨　キャラクター　関西　ご当地　おみやげ　みやげ　かまど　たんじろう　きめつ,440
【2021年1月下旬】 バンダイ　BANDAI 鬼滅の刃 折りたたみメガネケース 竈門炭治郎（かまどたんじろう）,2200
送料無料【鬼滅の刃　メガジャンボ　寝そべり　ぬいぐるみ　竈門 炭治郎 】鬼滅の刃　ぜんいつ　グッズ　鬼滅　人気　ジャンプ　映画　アニメ　漫画　コミック　きめつ　我妻善逸　獣の呼吸　雷の呼吸　炭治郎　竈門　たんじろう　鬼滅　きめつ　ねそべり　フィギュア,7980
鬼滅の刃 クルトガ 竈門炭治郎 8646 [追跡可能メール便(送料200円)対応商品] 【シャープペン】 【シャープペンシル】 【シャープ】 【鬼滅の刃】 【きめつのやいば】 【竈門 炭治郎】 【かまど たんじろう】,1045
送料無料 鬼滅の刃 名場面回顧 カード チョコスナック 09 第十九話 ヒノカミ 竈門炭治郎 かまど たんじろう 単品,580
鬼滅の刃 きめつの刃 バスタオル キッズ ジュニア 男の子 女の子 子供 大人 グッズ 竈門炭治郎 たんじろう 竈門禰豆子 ねづこ 我妻善逸 ぜんいつ 嘴平伊之助 いのすけ 富岡義勇 とみおかぎゆう 胡蝶しのぶ こちょう 柱 週刊少年ジャンプ アニメ マンガ 漫画,5120
"5,500円（税込）以上で送料無料！【TAKEMEKI】 和柄道具箱 A4サイズ 鬼滅の刃 (市松 / 麻の葉 / 鱗 模様) お道具箱 小物入れ 収納 紙製 貼箱 幼稚園 小学校 プレゼント ギフト 祝い ケース 片付け 整理整頓 きめつのやいば 炭治郎 禰豆子 善逸 たんじろう ねずこ ぜんいつ",1650
きめつたまごっち 3種類セット 鬼滅の刃 たんじろうっち ねずこっち 　きさつたいっち,15000
【鬼滅の刃　きゃらまる ぬいぐるみパスケース 全3種　セット】鬼滅の刃　ぜんいつ　グッズ　鬼滅　人気　ジャンプ　映画　アニメ　漫画　コミック　きめつ　我妻善逸　獣の呼吸　雷の呼吸　炭治郎　竈門　たんじろう　鬼滅　きめつ　嘴平伊之助,3380
送料無料 鬼滅の刃 ディフォルメ シールウエハース 其ノ二 2-23 竈門 禰豆子 竈門 炭治郎 単品 かまど ねずこ かまど たんじろう 食玩 きめつのやいば きめつ バンダイ グッズ シール かまど 毀滅 ウエハース2 カード トレカ,280
【鬼滅の刃　フィギュア　-絆ノ装-　漆ノ型　竈門炭治郎（セピアカラーver.）】フィギュア　造形　グッズ　きめつ　我妻善逸　嘴平伊之助　獣の呼吸　雷の呼吸　炭治郎　竈門　たんじろう　鬼滅　柱　きめつ,2480
送料無料 鬼滅の刃 ディフォルメ シールウエハース 其ノ二 2-22 竈門 炭治郎 単品 かまど たんじろう食玩 きめつのやいば きめつ バンダイ グッズ シール かまど 毀滅 ウエハース2 カード トレカ,220
ランチョンマット 【送料無料】 鬼滅の刃 デザイン 在庫有り ラージサイズ 市松 炭治郎 たんじろう 麻の葉 禰豆子 ねずこ ランチマット ランチクロス 日本製 給食 幼稚園 小学校 保育園 弁当 小風呂敷 エコバッグ 洗える 即日発送 人気柄 キッズ テーブルクロス 抗菌,1098
公式【鬼滅の刃　キャラクター柄　サンダル 竈門　炭治郎　KM4503 】ベナッシ　シャワーサンダル　健康サンダル　　婦人　紳士　こども　グッズ　スニーカー　アウトドア　ベランダ　男女兼用　映画　アニメ　漫画　コミック　きめつ　たんじろう　鬼滅　靴　23cm 24cm 25cm,2150
【送料無料】 鬼滅の刃 ロングステッカー ガム No.01 竈門炭治郎 単品 きめつのやいば 食玩 鬼滅の刃 ステッカー かまど たんじろう,980
【中古】[FIG]竈門炭治郎(かまどたんじろう)(セピアカラー) 鬼滅の刃 Q posket フィギュア プライズ バンプレスト(20200720),1180
【内袋未開封】鬼滅の刃　きめつのやいば　2-22　竈門炭治郎(かまどたんじろう)　ディフォルメシール ウエハース 其ノ二【ウエハース2】,180
新品【正規品】鬼滅の刃 ねずこ たんじろう他 シートクッション 座布団 紐付き 43×43cm グッズ 竈門炭治郎 竈門禰豆子 我妻善逸 嘴平伊之助 冨岡義勇 胡蝶しのぶ 毀滅の刃 きめつのやいば【公式】【あす楽対応】,1280
【ポイント2倍】鬼滅の刃 ジグソーパズル 500ピース きめつのやいば パズル 鬼狩り 鬼殺 竈門 炭治郎 かまど たんじろう 大人気 キャラクター 映画 アニメ マンガ ホビー 趣味 クリスマス プレゼント Demon Slayer Kimetsu no Yaiba,2310
新品【正規品】鬼滅の刃 ねずこ たんじろう他 シートクッション 座布団 紐付き 43×43cm グッズ 竈門炭治郎 竈門禰豆子 我妻善逸 嘴平伊之助 冨岡義勇 胡蝶しのぶ 毀滅の刃 きめつのやいば【公式】【あす楽対応】,1280
鬼滅の刃 メガネ拭き巾着【メール便（DM便）対応】メガネ拭き 差し込みメガネケース 竈門炭治郎（かまどたんじろう）等,1100
【ポイント2倍】鬼滅の刃 ジグソーパズル 500ピース きめつのやいば パズル 鬼狩り 鬼殺 竈門 炭治郎 かまど たんじろう 大人気 キャラクター 映画 アニメ マンガ ホビー 趣味 クリスマス プレゼント Demon Slayer Kimetsu no Yaiba,2310
【メール便可】鬼滅の刃 てくトコ アクリルフィギュア 竈門 炭治郎【ベルハウス 鬼滅 刃 血風剣戟冒険譚 キャラクターグッズ コレクション アニメ 漫画 キャラグッズ ジャンプ 歴史ファンタジー コレクション アクリル アクスタ きめつの刃 鬼滅 かまど たんじろう】,1188
【鬼滅の刃 お稲荷さんメタルキーホルダー 竈門炭治郎】京都　お土産　人気　雑貨　キャラクター　関西　ご当地　おみやげ　みやげ　かまど　たんじろう　きめつ,440
送料無料 鬼滅の刃 VIBRATION STARS 竈門炭治郎 単品 フィギュア かまど たんじろう きめつのやいば kimetsu きめつ グッズ 新品,1980
【鬼滅の刃 たこ焼きメタルキーホルダー 竈門炭治郎】大阪　お土産　人気　雑貨　キャラクター　関西　ご当地　おみやげ　みやげ　かまど　たんじろう　きめつ,440
"【公式ライセンス商品】 キャラクターワッペン 鬼滅の刃 炭治郎 ビッグワッペン アイロン接着 2021年春向け最新柄 入園用 入学用の手作りグッズに。きめつのやいば character wappen, たんじろう",1320
鬼滅の刃マンチョコ　きめつのやいば　S1　竈門炭治郎×ヘッドロココ(かまどたんじろう×へっどろここ)　ロッテ　ビックリマン,1480
鬼滅の刃 にとたん ボールチェーン付ぬいぐるみ 竈門炭治郎 (かまど たんじろう) 【即納品】 KCM 炭治郎 きめつのやいば 鬼滅の刃 グッズ,1760
新品【正規品】鬼滅の刃 ねずこ たんじろう他 毛布敷きパッド シングル 100×205cm グッズ 竈門炭治郎 竈門禰豆子 我妻善逸 嘴平伊之助 冨岡義勇 胡蝶しのぶ 毀滅の刃 きめつのやいば【公式】【あす楽対応】,2980
鬼滅の刃 グッズ 缶バッジ ランダム 1種類 バッヂ キッズ ジュニア レディース メンズ きめつ 炭治郎 ねずこ 善逸 伊之助 時透無一郎 冨岡義勇 胡蝶しのぶ 甘露寺蜜瑠 悲鳴嶼行冥 伊黒小芭内 宇随天元 煉獄杏寿郎 たんじろう ぎゆう ひめじま 柱 大人 子供,900
【送料無料】 鬼滅の刃 ウエハース2 001 竈門炭治郎 かまど たんじろう(かまど たんじろう) & 竈門禰豆子（かまど ねずこ) 【場面カード】 単品 きめつのやいば 食玩 鬼滅の刃 カード トレカ,300
鬼滅の刃 アイマスク リバーシブル 竈門炭治郎 (かまど たんじろう) きめつのやいば 鬼滅の刃 グッズ 【即納品・即納品のみ同梱可】,1360
【鬼滅の刃　Q　posket　我妻善逸　2種セット】鬼滅の刃　我妻　善逸　Qposket　あがつま　ぜんいつ　雷の呼吸　グッズ　鬼滅　人気　ジャンプ　映画　無限列車　アニメ　漫画　コミック　きめつ　たんじろう　鬼滅　きめつ　フィギュア,4500
きめつたまごっち たんじろうっちカラー (鬼滅の刃)【新品】 (バンダイ BANDAI),4866
【鬼滅の刃 缶バッジ〜柱登場編〜　竈門炭治郎】鬼滅の刃　ぜんいつ　グッズ　鬼滅　人気　ジャンプ　映画　アニメ　漫画　コミック　きめつ　我妻善逸　嘴平伊之助　獣の呼吸　雷の呼吸　炭治郎　竈門　たんじろう　鬼滅　柱　きめつ　缶バッジ,980
鬼滅の刃 公式 グッズ ワッペン 刺繍 アイロン接着 きめつ 竈門炭治郎 禰豆子 善逸 きめつのやいば キャラ アップリケ ステッカー アイロン シール たんじろう ねずこ しのぶ //メール便発送可,880
鬼滅の刃 グッズ 無限列車編 キャラソックス 竈門炭治郎 (かまど たんじろう) きめつのやいば 鬼滅の刃 劇場映画グッズ 【2月予約品・2月予約品のみ同梱可】,500
鬼滅の刃 ウェットカラーシリーズ アクリルキーホルダーvol.2 竈門 炭治郎 かまど たんじろう 少年ジャンプ コミック 単品 鬼殺隊,1320
【鬼滅の刃 神戸風見鶏メタルキーホルダー 竈門炭治郎】兵庫　お土産　人気　雑貨　キャラクター　関西　ご当地　おみやげ　みやげ　かまど　たんじろう　きめつ,440
【送料無料】きめつたまごっち 2種セット たんじろうっちカラー＋ねずこっちカラー 鬼滅の刃,8980
鬼滅の刃 フィギュア 竈門 炭治郎 (かまど たんじろう) 鬼滅の刃 VIBRATION STARS シリーズ きめつのやいば 【即納品・即納品のみ同梱可】,1600
【中古】[FIG]竈門炭治郎(かまどたんじろう) 鬼滅の刃 Q posket petit vol.2 フィギュア プライズ バンプレスト(20190920),1150
鬼滅の刃 デザインアートパネル 炭治郎と禰豆子 たんじろう ねずこ 【即納品】 高級インテリア 壁掛け、立掛け きめつのやいば グッズ,2100
【鬼退治　サンダル　市松模様】べナッシュ　シャワーサンダル　健康サンダル　スポーツサンダル　ビーチサンダル　メンズ　レディース　こども　グッズ　アウトドア　ベランダ　男女兼用　ユニセックス　映画　アニメ　漫画　コミック　きめつ　たんじろう　鬼滅　靴,799
鬼滅の刃 なりきりバンダナ 約52×52cm 竈門炭治郎 綿100％ ランチクロス 日本製 かまど たんじろう きめつのやいば 変身,770
送料無料 鬼滅の刃 ディフォルメ シールウエハース 1-21 緑ver. 竈門炭治郎 かまど たんじろう 単品 食玩 きめつのやいば カード トレカ きめつ グッズ シール かまど 激レア,9800
鬼滅の刃 プラボトル 【グリーン:竈門炭治郎(たんじろう)】 水筒 (スクエアボトル),1320
きめつたまごっち たんじろうっち&ねずこっち 3種セット 鬼滅の刃 たまごっち,12500
【鬼滅の刃 缶バッジ〜柱登場編〜　甘露寺蜜璃】鬼滅の刃　ぜんいつ　グッズ　鬼滅　人気　ジャンプ　映画　アニメ　漫画　コミック　きめつ　我妻善逸　嘴平伊之助　獣の呼吸　雷の呼吸　炭治郎　竈門　たんじろう　鬼滅　柱　きめつ　缶バッジ,980
マスク 布マスク 在庫あり 販売中 柄 市松模様 鬼滅の刃風 竈門炭治郎風 かまどたんじろう ねずこ 禰豆子 ぜんいつ 善逸 冨岡 義勇 鱗模様 変型亀甲 すみれ 鱗滝左近次 洗える 洗濯 日本製 大人用 プリーツ 繰り返し使える 予防 DEMONSLAYER デーモンスレイヤー,1980
【送料無料】 鬼滅の刃 ロングステッカー ガム No.27 竈門炭治郎 単品 きめつのやいば 食玩 鬼滅の刃 ステッカー かまど たんじろう,980
1枚セット　マスク　洗える　綿　　たんじろう　ねずこ　ぜんいつ　ぎゆう　しのぶ　きょうじゅろう　ぎょうめい　おばない　さこんじ　たんじゅうろう　こくしぼう　鬼殺隊,565
鬼滅の刃 とじコレ Vol.3 クッキー 缶バッジ 竈門 炭治郎 かまど たんじろう 少年ジャンプ コミック ツインクル 単品 鬼殺隊,660
送料無料【鬼滅の刃　IC パスケース　我妻 善逸　KMY-10C】グッズ　カード　ケース　携帯　定期　定期入れ　ポーチ　切符　チケット　入れ　SUICA PASMO icoca　ICカード pitapa　定期ケース　定期券　通学　通勤　鬼滅　きめつ　柱　公式　竈門　たんじろう　文具,2178
3歳 男の子 着物レンタル d3212 七五三 袴レンタル 子供着物 753レンタル 貸衣装 イベント 結婚式 三才 羽織 袴 人気 男 初詣 誕生日 かっこいい おしゃれ たんじろう 往復送料無料 鬼滅 2020 黒緑市松模様　人気アニメ柄【レンタル】,13800
【新品】2020年12月入荷次第発送　富士フイルム チェキカメラ instax mini 11 鬼滅の刃 炭治郎チェキBOX きめつ キメツ たんじろう,30555
【12月3日9時まで販売終了】鬼滅の刃　ソックス 大人用 子供用　おしゃれ くつ下 脱げない 綿 コスプレ 雑貨 ファッション グッズ たんじろうキャライメージ柄 アニメ コスプレ 竈門炭治郎 竈門禰豆子 冨岡義勇 我妻善逸 子供 コスプレ,1680
【鬼滅の刃 お好み焼きメタルキーホルダー 竈門炭治郎】大阪　お土産　人気　雑貨　キャラクター　関西　ご当地　おみやげ　みやげ　かまど　たんじろう　きめつ,440
マスクケース マスク仮置きケース 市松模様 緑黒 和柄マスクケース マスクケース日本製 マスクストッカーたんじろう柄 給食時 外食時 マスクを使わないときのケース ハンドメイド 仮置き 定形外郵便 送料無料,1280
【スーパーセール期間中 全商品ポイント2倍！】鬼滅の刃 手ぬぐい てぬぐい きめつのやいば チェック 市松 カード タオル ハンカチ グッズ キッズ 炭治郎 たんじろう 日本製,2800
鬼滅の刃 ぎゅぎゅっとアクリルフィギュア 第一弾 竈門炭治郎 (かまど たんじろう) きめつのやいば 鬼滅の刃 グッズ 【即納品・即納品のみ同梱可】,1000
【内袋未開封】鬼滅の刃　きめつのやいば　2-28　シークレット　竈門炭次郎＆竈門禰豆子(かまどたんじろう＆かまどねずこ)　ディフォルメシール ウエハース 其ノ二【ウエハース2】,1380
鬼 滅　人気きめつのやいば 抱き枕 クッション インテリア　ぬいぐるみ 毛布団の枕 快適である 寝人形 コスプレ かわいい コットン おしゃれ 両面 少女 綺麗 お宅 ギフト 癒し空間に！たんじろう ねずこ ぜんいつ かなを しのぶ ぎょうめい クリスマスプレゼント,1999
鬼滅の刃 マイクロファイバータオル 竈門 炭治郎 （かまど たんじろう） きめつのやいば 鬼滅の刃 グッズ 【即納品・即納品のみ同梱可】,660
マスク 日本製 鬼滅の刃 市松 炭治郎 たんじろう 洗える ガーゼマスク 布マスク 抗菌防臭 1枚 白 大人用 子供用 ノーズワイヤー プリーツ,1760
きめつたまごっち 5種セット たんじろうっち ねずこっち きさつたいっち ぜんいつっち いのすけっち 鬼滅の刃 善逸 予約商品 送料無料 プレミア価格,27990
送料無料 鬼滅の刃 ここみえアクリルフィギュア 肆ノ型 竈門 炭治郎 単品 かまど たんじろう ガチャ きめつ グッズ 毀滅 柱 ストラップ カプセル 誕プレ レア フィギュア ご当地 キャラ マスコット,880
新品/送料無料 きめつたまごっち たんじろうっちカラー,4980
竈門炭治郎 コスプレ 衣装 たんじろう 鬼滅 きめつのやいば コスチューム 市松模様 和柄 イベント 撮影会 宅コス パーティ 仮装 サプライズ ハロウィン クリスマス プレゼント,10480
送料無料 鬼滅の刃 ディフォルメ シールウエハース 1-13 竈門炭治郎 かまど たんじろう 単品 食玩 きめつのやいば カード トレカ きめつ グッズ シール かまど,280
パステルver. 鬼滅の刃 バルーンラッピング 竈門炭治郎 たんじろう 冨岡義勇 ぎゆう 我妻善逸 ぜんいつ 嘴平伊之助 いのすけ 竈門禰豆子 ねずこ 胡蝶しのぶ こちょう バルーン 誕生日 プレゼント 電報 結婚式 ぬいぐるみ きめつのやいば グッズ お祝い クリスマス,8280
【鬼滅の刃 串カツメタルキーホルダー 竈門炭治郎】大阪　お土産　人気　雑貨　キャラクター　関西　ご当地　おみやげ　みやげ　かまど　たんじろう　きめつ,440
(12月10日発売)富士フイルム インスタントカメラ “チェキ” instax mini 11 「炭治郎チェキBOX」 鬼滅の刃 限定BOX (たんじろう),24800
【鬼滅の刃　ひっかけ　フィギュア2　炭治郎・善逸・伊之助　全3種　セット】フィギュア　造形　グッズ　きめつ　竈門炭治郎　我妻善逸　嘴平伊之助　獣の呼吸　雷の呼吸　鬼滅　柱　きめつ　かまどたんじろう　あがつまぜんいつ　はしびらいのすけ,2280
鬼 滅 刃 風 お守り風キーホルダー レディース メンズ キッズ き め つ の や い ば 風 鬼殺隊 柱 ねずこ風 たんじろう風 ぜんいつ風 いのすけ風 ぎゆう風 しのぶ風,980
【鬼滅の刃】ミニショルダーバッグ 竈門炭次郎/竈門禰豆子/我妻善逸/嘴平伊之助/冨岡義勇/胡蝶しのぶ/煉獄杏寿郎/宇髄天元/不死川実弥/時透無一郎/悲鳴嶼行冥/甘露寺蜜璃/伊黒小芭内 少年ジャンプ きめつのやいば かまど たんじろう きめつのやいば,2180
【鬼滅の刃 大阪環状線メタルキーホルダー 竈門炭治郎】大阪　お土産　人気　雑貨　キャラクター　関西　ご当地　西日本　おみやげ　みやげ　かまど　たんじろう　きめつ,440
防犯ブザー 小学生 かわいい 女の子 男の子 鬼滅の刃 子ども 竈門 炭治郎 かまど たんじろう 我妻 善逸 あがつま ぜんいつ 嘴平 伊之助 はしびら いのすけ 冨岡 義勇 とみおか ぎゆう 防犯グッズ 大音量 警報アラーム 通勤 通学 コンパクト キッズ プレゼント おしゃれ,2508
防犯ブザー 小学生 かわいい 女の子 男の子 鬼滅の刃 子ども 竈門 炭治郎 かまど たんじろう 我妻 善逸 あがつま ぜんいつ 嘴平 伊之助 はしびら いのすけ 冨岡 義勇 とみおか ぎゆう 防犯グッズ 大音量 警報アラーム 通勤 通学 コンパクト キッズ プレゼント おしゃれ,2508
【ワッペン】　鬼滅の刃　竈門 炭治郎　かまど たんじろう　◆◆　（シール＆アイロン両用タイプ）【C3-8】,1320
【即納品】【ぬいぐるみのみの販売】鬼滅の刃 Chibiぬいぐるみ 竈門炭治郎（かまどたんじろう）きめつのやいば グッズ 誕生日 クリスマス お祝い 発表会,3200
鬼滅の刃 シール ワッペン 羽織タイプ 竈門炭治郎　かまどたんじろう BAN800-BAN01 ハンドメイド　実習　幼稚園　保育園　ママ　イベント　アップリケ　キッズ　キャラクター　子供　入園入学　ワンポイント　バンダイ　新作　鬼　柱　少年ジャンプ　集英社　アニメ,880
鬼 滅 刃 き め つ や い ば 風 バッグ リュック ナップサック 禰豆子 ねずこ 炭治郎 たんじろう 胡蝶しのぶ 袋 習い事 体操着袋 給食袋 給食着袋 エコバック 買い物袋 スポーツバッグ バックパック サブバッグ コスプレ ハロウィン プレゼント,1980
【鬼滅の刃 缶バッジ〜柱登場編〜　時透無一郎】鬼滅の刃　ぜんいつ　グッズ　鬼滅　人気　ジャンプ　映画　アニメ　漫画　コミック　きめつ　我妻善逸　嘴平伊之助　獣の呼吸　雷の呼吸　炭治郎　竈門　たんじろう　鬼滅　柱　きめつ　缶バッジ　バッジ,980
【送料無料】 鬼滅の刃 ウエハース 026 竈門炭治郎【シークレットカード】 単品 sec きめつのやいば 食玩 鬼滅の刃カード トレカ かまど たんじろう,1780
【ランキング1位入賞】鬼 滅 ねずこ たんじろう　子供用靴下 成人用靴下 5足セット くるぶしソックス 親子でお揃いソックス ショートソックス ショート靴下 ストレ かわいい 柔らかい 萌えグッズ 男女兼用　善逸 胡蝶しのぶ 毀滅の刃 きめつのやいば クリスマスプレゼント,1699
送料無料 鬼滅の刃 ディフォルメ シールウエハース 1-21 赤ver. 竈門炭治郎 かまど たんじろう 単品 食玩 きめつのやいば カード トレカ きめつ グッズ シール かまど 激レア,3980
送料無料 鬼滅の刃 滅！ カプセルラバーマスコット 3 竈門炭治郎 & 嘴平伊之助 & 我妻善逸 単品 かまど たんじろう はしびら いのすけ あがつま ぜんいつ ゴメンネ弱クッテ ガチャ きめつ グッズ 毀滅 柱 ストラップ カプセル 誕プレ レア フィギュア ご当地,1580
予約商品!きめつたまごっち たんじろうっちカラー 10月下旬入荷予定,6100
鬼滅の刃　パズル　150ピース　たんじろう　ねずこ　売り切れ必須　コレクション　炭治郎　禰豆子　無限列車　クリスマスプレゼント,2750
【 日本刀　斬撃刀　木製　99cm】インテリア　コスプレ　木刀　刀　刃　剣　侍　柱　コスチューム　贈り物 1m　長い　観賞用　復調　衣装　幕末　日本　刀　さや　長い　武器　の刃　軽い　道具　芝居　演劇　小道具　模造刀　風　鬼滅　きめつ　アニメ たんじろう,3278
【鬼滅の刃 淡路たまねぎメタルキーホルダー 竈門炭治郎】兵庫　お土産　人気　雑貨　キャラクター　おみやげ　みやげ　かまど　たんじろう　きめつ,440
鬼滅の刃 公式 グッズ ワッペン 刺繍 アイロン接着 きめつ 竈門炭治郎 禰豆子 善逸 きめつのやいば キャラ アップリケ ステッカー アイロン シール たんじろう ねずこ しのぶ //メール便発送可,1320
人気 手袋　指なし 2着セット クリスマスギフト 秋冬用　グローブ コットン ハンドウォーマー アームウォーマ 長め 冷え取り 防寒対策 パソコン作業 スマホ操作 運転用 ドライブ スポーツ シンプル たんじろう ねずこ 禰ず子 富岡,1799
鬼滅の刃 公式 ストラップ キーホルダー 合皮 キーチャーム 送料無料 竈門 炭治郎 冨岡 義勇 吾妻 善逸 胡蝶 嘴平 伊之助しのぶ かまど たんじろう とみおか ぎゆう ぜんいつ いのすけ,1350
きめつたまごっち たんじろうっちカラー[バンダイ],4190
竈門禰豆子 かまどねずこ 竈門炭治郎 かまどたんじろう 我妻善逸 あがつまぜんいつ 冨岡義勇 とみおかぎゆう なりきり★コスプレ グッズ ステテコ パンツ ボトムス サイズXXS-4XL キッズ 子供 服 大人 レディース メンズ 鬼殺隊,2980
リボン テープ 生地 大市松 市松 鬼滅の刃風 鬼滅 日本製 市松模様 麻 鱗 亀甲 チェック柄 緑 グリーン 黒 緑 黒×緑 布 コスプレ 手作り 裁縫 手芸 ハンドメイド 炭治郎風 竈門炭治郎風 炭治郎 たんじろう かわいい かっこいい 入学 入園,880
マスク ランチクロス セット【在庫あり】 送料無料 鬼滅の刃 デザイン 子供マスク 市松 炭治郎 たんじろう 麻の葉 禰豆子 ねずこ ランチマット ランチョンマット 日本製 給食 幼稚園 小学校 保育園 弁当 小風呂敷 エコバッグ 洗える 即日発送 S M L キッズ 布マスク 抗菌,1798
【送料無料】鬼滅の刃 chibiぬいぐるみ 無限列車5種セット【竈門炭治郎/竈門禰豆子/我妻善逸/嘴平伊之助/煉獄杏寿郎】 鬼滅/かまどたんじろう/あがつまぜんいつ/とみおかぎゆう/アニメ/おもちゃ/アニメ/グッズ/ジャンプ/漫画/キャラクター/ギフト/プレゼント/,18700
【オックス】★10cm単位続けてカット★鬼滅の刃　サークルフェイス柄　2020　【鬼滅 竈門 炭治郎 かまど たんじろう 竈門 禰豆子 かまど ねずこ 我妻 善逸 あがつま ぜんいつ 嘴平 伊之助 はしびら いのすけ 冨岡 義勇 とみおか ぎゆう】,187
【中古】[FIG]VIBRATION STARS-竈門炭治郎-(かまどたんじろう) 鬼滅の刃 フィギュア プライズ バンプレスト(20200826),880
【鬼滅の刃　UFOつままれ　アクリルキーチェーン　マスコット　我妻　善逸】鬼滅の刃　ぜんいつ　グッズ　鬼滅　人気　ジャンプ　映画　アニメ　漫画　コミック　きめつ　我妻善逸　嘴平伊之助　獣の呼吸　雷の呼吸　炭治郎　竈門　たんじろう　鬼滅　柱　きめつ　アクキー,980
【鬼滅の刃　ファスナー付き トートバッグ】レッスンバッグ　トートバッグ　かばん　カバン　バッグ　おでかけ　グッズ　キャンバスバッグ　手提げ　てさげ　学校　カバン　きめつ　我妻善逸　嘴平伊之助　獣の呼吸　雷の呼吸　炭治郎　竈門　たんじろう　鬼滅　柱　きめつ,1584
鬼滅の刃 ケーブルバイト 竈門炭治郎 7853 [追跡可能メール便(送料200円)対応商品] 【ケーブルアクセサリー】 【CABLEBITE】 【鬼滅の刃】 【きめつのやいば】 【竈門 炭治郎】 【かまど たんじろう】,748
【12月中旬発送】 はんてん リバーシブル 鬼滅の刃 市松 炭治郎 たんじろう 麻の葉 禰豆子 ねずこ 鱗 善逸 レディース メンズ 子供 キッズ 還暦祝い 半纏 ちゃんちゃんこ 女性用 レディース 和柄 s0,4609
送料無料【鬼滅の刃　IC パスケース　時透 無一郎　KMY-10K 】グッズ　カード　ケース　携帯　定期　定期入れ　ポーチ　切符　チケット　入れ　SUICA PASMO icoca　ICカード pitapa　定期ケース　定期券　通学　通勤　鬼滅　きめつ　柱　公式　竈門　たんじろう　文具,2178
鬼滅の刃 ぎゅぎゅっと缶バッチ 第三弾　CBGK-19/CBGK-20/CBGK-21/CBGK-23【鬼滅の刃/きめつのやいば/かまどたんじろう/缶バッチ/アクセサリー】【あす楽対応】,550
鬼滅の刃 傘 和柄 きめつ風 アンブレラ かまどたんじろう かまどねずこ あがつまぜんいつ こちょうしのぶ,2000
鬼 滅 人気きめつのやいば 抱き枕 クッション インテリア　ぬいぐるみ 毛布団の枕 快適である 寝人形 コスプレ かわいい コットン おしゃれ 両面 少女 綺麗 お宅 ギフト 癒し空間に！たんじろう ねずこ ぜんいつ かなを しのぶ　クリスマスプレゼント,1899
鬼滅の刃 マスクケース 竈門炭治郎 公式グッズ / たんじろう フラットポーチ マスクポーチ マルチケース,1298
鬼滅の刃 チャームストラップ 竈門炭治郎 (かまど たんじろう) きめつのやいば 鬼滅の刃 グッズ 【即納品・即納品のみ同梱可】,520
鬼 滅　ねずこ たんじろう 成人用靴下 5足セット くるぶしソックス くるぶし靴下 ショートソックス ショート靴下 ストレ かわいい 柔らかい 萌えグッズ 男女兼用　善逸 胡蝶しのぶ 毀滅の刃 きめつのやいば クリスマスプレゼント,1699
鬼滅の刃 巾着 竈門炭治郎 （かまど たんじろう） 巾着シリーズ第1弾 きめつのやいば 鬼滅の刃 グッズ 【即納品・即納品のみ同梱可】,1100
【鬼滅の刃 大阪城メタルキーホルダー 竈門炭治郎】大阪　お土産　人気　雑貨　キャラクター　関西　ご当地　おみやげ　みやげ　かまど　たんじろう　きめつ,440
鬼滅の刃 てくトコアクリルキーホルダー 第一弾 竈門炭治郎 (かまど たんじろう) きめつのやいば 鬼滅の刃 グッズ 【即納品・即納品のみ同梱可】,680
【鬼滅の刃　光る　マウス　& マウスパッド　セット】鬼滅の刃　グッズ　鬼滅　アニメ　漫画　きめつ　炭治郎　竈門　禰豆子　我妻　善逸　嘴平　伊之助　鬼滅　きめつ　マウス　パソコン　光る　USB　文具　文房具　インテリア　周辺機器　たんじろう　ぜんいつ,2178
【鬼滅の刃 通天閣メタルキーホルダー 竈門炭治郎】大阪　お土産　人気　雑貨　キャラクター　関西　ご当地　おみやげ　みやげ　かまど　たんじろう　きめつ,440
鬼滅の刃 ボトルTシャツ S M L XL 鬼滅Tシャツ きめつの刃 グッズ キャラクター 鬼殺隊 竈門炭治郎 かまどたんじろう 半袖 半そで Uネック ラウンドネック 丸首 ケース付き 収納ボックス 漫画 アニメ 紳士 大人 黒 白 ブラック ホワイト あす楽,2000
【鬼滅の刃 道頓堀メタルキーホルダー 竈門炭治郎】大阪　お土産　人気　雑貨　キャラクター　関西　ご当地　おみやげ　みやげ　かまど　たんじろう　きめつ,440
鬼滅の刃 バルーンラッピング 竈門炭治郎 たんじろう 冨岡義勇 ぎゆう 我妻善逸 ぜんいつ 嘴平伊之助 いのすけ 竈門禰豆子 ねずこ 胡蝶しのぶ こちょう バルーン 誕生日 プレゼント バルーン 電報 結婚式 ぬいぐるみ きめつのやいば グッズ お祝い クリスマス,8280
たんじろう 巾着 給食袋 小物入れ 鬼滅の刃 炭治郎 市松模様 幅25cm×縦30cm,2200
鬼滅の刃 下敷き 1枚 ねずこ 選べる4種 B5 炭治郎 かまどたんじろう アニメ キャラクター ぎゆう 鬼滅 KIMETSU キャラ,1040
きめつたまごっち 3種類セット 鬼滅の刃 たんじろうっち ねずこっち きさつたいっち,13800
鬼 滅 刃 風 ポーチ ペンケース き め つ の や い ば 風 鬼殺隊 柱 煉獄風 ねずこ風 しのぶ風 たんじろう風 ぜんいつ風 ぎゆう風 おしゃれ,980
チェキinstax mini 11 「鬼滅の刃」限定 Box≪炭治郎(たんじろう）チェキBOX≫　INS MINI 11 KIMETSU GRAY　発売日：12月10日,27500
【鬼滅の刃】フラットポーチ 竈門炭次郎/竈門禰豆子/我妻善逸/嘴平伊之助/冨岡義勇/胡蝶しのぶ 少年ジャンプ きめつのやいば かまど たんじろう きめつのやいば,1480
鬼滅の刃 iPhoneSE2/8/7/6s/6 ケース ハイブリッドガラスケース キャラクター グッズ 竈門 炭治郎 かまど たんじろう KMY-01A,3180
鬼滅の刃 北陸限定 メタルキーホルダー カニ　KMT17550/KMT17551/KMT17552【たんじろう/ぜんいつ/しのぶ/鬼滅の刃/きめつのやいば/テレビアニメ/漫画/ご当地/北陸/カニ/ズワイガニ/コラボ/限定/キーホルダー/アクセサリー】【あす楽対応】,440
鬼滅の刃 グッズ 防犯ブザー 防犯アラーム 小学生 男の子 ランドセル 子供 子ども お知らせブザー 防犯グッズ 防犯ブザー 竈門炭治郎 たんじろう 我妻善逸 ぜんいつ 嘴平伊之助 いのすけ 冨岡義勇 義勇さん,2420
【鬼滅の刃　Q　posket　我妻善逸　ノーマルカラー】鬼滅の刃　我妻　善逸　Qposket　あがつま　ぜんいつ　雷の呼吸　グッズ　鬼滅　人気　ジャンプ　映画　無限列車　アニメ　漫画　コミック　きめつ　たんじろう　鬼滅　きめつ　フィギュア,1900
鬼滅の刃 ぷちざぶアクリルキーホルダー　竈門炭治郎AK/竈門禰豆子AK/我妻善逸AK/富岡義勇AK/胡蝶しのぶAK/煉獄杏寿郎AK/時透無一郎AK【鬼滅の刃/きめつのやいば/かまどたんじろう/テレビアニメ/漫画/キーホルダー/アクセサリー】【あす楽対応】,880
鬼滅の刃 トートバッグ 竈門炭治郎 （かまど たんじろう）モデル 鬼滅の刃 グッズ 【即納品】,1980
【15日以内発送予定】キッズ鬼 滅 風 可愛い 長袖パーカー コスプレ 衣装 子供 服 人気 鬼殺隊 パーカー 長袖 春 秋　子供 服 鬼殺隊 衣装 コスチューム パーカー ジャケット 子供 服 たんじろう ねずこ ぜんいつ かなを しのぶ,2399
【鬼滅の刃 豊臣秀吉 メタルキーホルダー 竈門炭治郎】大阪　お土産　人気　雑貨　キャラクター　関西　ご当地　おみやげ　みやげ　竈門　炭治郎　かまど　たんじろう　きめつ,440
鬼滅の刃 三重限定 メタルキーホルダー 伊勢海老 KMT17562/KMT17563/KMT17564【たんじろう/ねずこ/ぜんいつ/鬼滅の刃/きめつのやいば/テレビアニメ/漫画/ご当地/三重/伊勢海老/伊勢志摩/コラボ/限定/キーホルダー/アクセサリー】【あす楽対応】,440
きめつたまごっち たんじろうっちカラー / BANDAI 専用 強化ガラス と 同等の 高硬度9H 保護フィルム メール便送料無料,847
【オックス】★10cm単位続けてカット★鬼滅の刃　シルエット柄　2020　【鬼滅 きめつ 竈門 炭治郎 かまど たんじろう 竈門 禰豆子 かまど ねずこ 我妻 善逸 あがつま ぜんいつ 嘴平 伊之助 はしびら いのすけ 冨岡 義勇 とみおか ぎゆう ジャンプ】,187
【オックス】★10cm単位続けてカット★鬼滅の刃　シルエット柄　2020　【鬼滅 きめつ 竈門 炭治郎 かまど たんじろう 竈門 禰豆子 かまど ねずこ 我妻 善逸 あがつま ぜんいつ 嘴平 伊之助 はしびら いのすけ 冨岡 義勇 とみおか ぎゆう ジャンプ】,187
きめつたまごっち きさつたいっちカラー& たんじろうっちカラー 2種セット鬼滅の刃 たまごっち,9800
鬼滅の刃 ミニタペストリー 竈門炭治郎 (かまど たんじろう) きめつのやいば 鬼滅の刃 グッズ 【即納品・即納品のみ同梱可】 ポスター,1100
きめつたまごっち 鬼滅の刃 たんじろうっちカラー 炭治郎,4280
鬼滅の刃 クールファン 竈門炭治郎 かまど たんじろう 竈門禰豆子 かまどねずこ 我妻善逸 あがつま ぜんいつ 嘴平伊之助 はしびら いのすけ 冨岡義勇 とみおか ぎゆう 胡蝶しのぶ こちょう しのぶ KMY-20A KMY-20B KMY-20C KMY-20D KMY-20E,3278
マスク 日本製 鬼滅の刃 市松 炭治郎 たんじろう 洗える ガーゼマスク 布マスク 抗菌防臭 1枚 白 大人用 子供用 ノーズワイヤー プリーツ,1760
きめつたまごっち たんじろうっちカラー / BANDAI 専用 強化ガラス と 同等の 高硬度9H ブルーライトカット クリア光沢 保護フィルム メール便送料無料,976
【鬼滅の刃 明石たこメタルキーホルダー 竈門炭治郎】兵庫　お土産　人気　雑貨　キャラクター　関西　ご当地　おみやげ　みやげ　かまど　たんじろう　きめつ,440
鬼滅の刃 武将シリーズ メタルキーホルダー 織田信長　KMT18493/KMT18494/KMT18495【かまどたんじろう/鬼滅の刃/鬼滅の刃/きめつのやいば/テレビアニメ/漫画/武将/家紋/兜/ご当地/コラボ/限定/キーホルダー/アクセサリー】【あす楽対応】,440
【在庫あります】コスメボックス 第3弾！ 鬼滅の刃風 ミラー付き パロディ しのぶ たんじろう ねづこ,1980
鬼滅の刃 下敷き 炭治郎 ＆ 富岡義勇 美麗イラスト (たんじろう ぎゆう) 【即納品】 きめつのやいば 鬼滅の刃 グッズ 文具 下じき,660
鬼滅の刃 信州限定 メタルキーホルダー りんご　KMT17538/KMT17539/KMT175402【たんじろう/ぜんいつ/ぎゆう/鬼滅の刃/きめつのやいば/テレビアニメ/漫画/ご当地/信州/りんご/コラボ/限定/キーホルダー/アクセサリー】【あす楽対応】,440
【オックス】★10cm単位続けてカット★鬼滅の刃　全身柄　2020　【鬼滅 竈門 炭治郎 かまど たんじろう 竈門 禰豆子 かまど ねずこ 我妻 善逸 あがつま ぜんいつ 嘴平 伊之助 はしびら いのすけ 冨岡 義勇 とみおか ぎゆう ジャンプ】,187
新品【正規品】鬼滅の刃 ねずこ たんじろう他 毛布敷きパッド お昼寝 70×120cm キッズ 子ども 保育園 敷きパッド 暖か 冬 グッズ 竈門炭治郎 竈門禰豆子 我妻善逸 嘴平伊之助 冨岡義勇 胡蝶しのぶ 毀滅の刃 きめつのやいば ベビー 【公式】【あす楽対応】,1480
鬼滅の刃 グッズ 缶バッジ ランダム 1種類 バッヂ キッズ ジュニア レディース メンズ きめつ 炭治郎 ねずこ 善逸 伊之助 時透無一郎 冨岡義勇 胡蝶しのぶ 甘露寺蜜瑠 悲鳴嶼行冥 伊黒小芭内 宇随天元 煉獄杏寿郎 たんじろう ぎゆう ひめじま 大人 子供,495
鬼滅の刃マスク 和柄マスク 市松模様マスク 麻の葉模様マスク 緑黒 麻の葉模様 ピンク たんじろう3マスク ねずこマスク 低学年 キッズサイズ 鬼滅の刃生地 ダブルガーゼ ハンドメイド 定形外郵便送料無料,800
鬼滅の刃 デカキーホルダー 竈門 炭治郎 デフォルメver. きめつのやいば 鬼滅の刃 グッズ 【即納品】 （かまど たんじろう）,1000
【鬼滅の刃 中華街メタルキーホルダー 竈門炭治郎】兵庫　神戸　お土産　人気　雑貨　キャラクター　関西　ご当地　おみやげ　みやげ　かまど　たんじろう　きめつ,440
【鬼滅の刃　UFOつままれ　アクリルキーチェーン　マスコット　竈門　炭治郎】鬼滅の刃　ぜんいつ　グッズ　鬼滅　人気　ジャンプ　映画　アニメ　漫画　コミック　きめつ　我妻善逸　嘴平伊之助　獣の呼吸　雷の呼吸　炭治郎　竈門　たんじろう　鬼滅　柱　きめつ　アクキー,980
鬼 滅　グッズ ショートソックス 靴下 5足セット 萌えグッズ 秋用 冬用 秋冬 男女兼用 コスプレ コスプレグッズ コスチューム キャラクター　たんじろう ねずこ ぜんいつ かなを しのぶ,1699
【鬼滅 完璧フルセット】 竈門禰豆子 竈門炭治郎 冨岡義勇 我妻善逸 甘露寺蜜璃 栗花落カナヲ 伊黒小芭内 ウィッグ付き コスプレ きめつのやいば ねずこ たんじろう ぎゆう ぜんいつ みつり かなを おばない クリスマス 無限列車 プレゼント,11500
鬼滅の刃マンチョコ　きめつのやいば　No.1　竈門炭治郎(かまどたんじろう)　ロッテ　ビックリマン,580
鬼滅の刃 シャープペン 竈門炭治郎 きめつ やいば 文房具 送料無料 かまど たんじろう,1000
送料無料☆【1m単位】【生地幅：112cm】【2.5cm角】京都老舗メーカーでオーダープリントした日本製！市松模様ダブルガーゼ【カラー：緑黒】※人気キャラクター[生地・布][BK][GR]※Wガーゼ※チェッカーフラッグ※鬼滅の刃※炭治郎※たんじろう※きめつ,2100
マスク ランチクロス セット【在庫あり】 送料無料 鬼滅の刃 デザイン 子供マスク 市松 炭治郎 たんじろう 麻の葉 禰豆子 ねずこ ランチマット ランチョンマット 日本製 給食 幼稚園 小学校 保育園 弁当 小風呂敷 エコバッグ 洗える 即日発送 S M L キッズ 布マスク 抗菌,1798
鬼滅の刃 スマホケース iPhoneSE(第2世代) iPhone11 iphone11pro iPhoneXRケース カバー スマホカバー 全13種【送料無料】人気 アニメ ガラスケース スクエア かっこいい きめつのやいば きめつ たんじろう ねずこ いのすけ ぜんいつ とみおか ぎゆう こちょう しのぶ,3550
鬼滅の刃 新潟限定 メタルキーホルダー 笹だんご　KMT18504/KMT18505/KMT18506【たんじろう/ねずこ/ぜんいつ/鬼滅の刃/きめつのやいば/テレビアニメ/漫画/ご当地/新潟/笹団子/越後/コラボ/限定/キーホルダー/アクセサリー】【あす楽対応】,440
きめつたまごっち たんじろうっちカラー / BANDAI 専用 ブルーライトカット 反射防止 保護フィルム 指紋防止 気泡レス加工 液晶フィルム メール便送料無料,778
鬼滅の刃 武将シリーズ メタルキーホルダー 徳川家康　KMT18497/KMT18498/KMT18499【かまどたんじろう/鬼滅の刃/鬼滅の刃/きめつのやいば/テレビアニメ/漫画/武将/家紋/兜/ご当地/コラボ/限定/キーホルダー/アクセサリー】【あす楽対応】,440
新品【正規品】鬼滅の刃 ねずこ たんじろう他 長座布団 ベビーごろ寝布団 70×120cm グッズ 竈門炭治郎 竈門禰豆子 我妻善逸 嘴平伊之助 冨岡義勇 胡蝶しのぶ 毀滅の刃 きめつのやいば【公式】【あす楽対応】,2480
【鬼滅の刃　なりきり　バンダナ　ハンカチ　炭治郎　　日本製】バンダイ　BANDAI　グッズ　入学　たんじろう　きめつ　小学生　刃　のやいば　竈門　かまど　アニメ　フェイスマスク　フェイスガード　そうじ　お弁当　包み　ランチクロス　学校　給食　変身　コスプレ,770
【鬼滅の刃キッズパジャマ】竈門 炭治郎（かまど たんじろう）/キャラクター/半袖/なりきり/人気/上下/夏/きめつ/キッズパジャマ/子供服/パジャマ/格安/コスプレ/子供,2400
【鬼滅の刃】ケーブルバイト 断線防止 ケーブル保護 ケーブルガード CABLE BITE炭治郎 善逸 伊之助 禰豆子 たんじろう ぜんいつ いのすけ ねずこ,748
送料無料【鬼滅の刃　メガジャンボ　寝そべり　ぬいぐるみ　煉獄杏寿郎 】鬼滅の刃　煉獄　杏寿郎　れんごく　グッズ　鬼滅　人気　ジャンプ　映画　無限列車　アニメ　漫画　コミック　きめつ　たんじろう　鬼滅　きめつ　ねそべり　フィギュア,8980
新品【正規品】鬼滅の刃 ねずこ たんじろう他 毛布敷きパッド お昼寝 70×120cm キッズ 子ども 保育園 敷きパッド 暖か 冬 グッズ 竈門炭治郎 竈門禰豆子 我妻善逸 嘴平伊之助 冨岡義勇 胡蝶しのぶ 毀滅の刃 きめつのやいば ベビー 【公式】送料無料【あす楽対応】ポッキリ,2000
iPhoneSE(第2世代) iPhone11 iphone11pro ケース 鬼滅の刃 iPhoneXR きめつ スマホカバー 全13種 【送料無料】人気 たんじろう ねずこ いのすけ ぜんいつ ぎゆうさん しのぶさん むいちろう 6.1 iphone8,3550
鬼滅の刃 デカキーホルダー 竈門 炭治郎 きめつのやいば 鬼滅の刃 グッズ 【即納品・即納品のみ同梱可】（かまど たんじろう）,1000
鬼滅の刃 飛騨限定 メタルキーホルダー さるぼぼ　KMT17556/KMT17557/KMT17558【たんじろう/ねずこ/ぜんいつ/鬼滅の刃/きめつのやいば/テレビアニメ/漫画/ご当地/飛騨/さるぼぼ/岐阜/コラボ/限定/キーホルダー/アクセサリー】【あす楽対応】,440
【レンタル】七五三 袴セット 男の子 5歳 お祝い 男児 高級ブランド 人気アニメ柄 鬼滅 たんじろう の刃 竈門 炭治郎 フルセット 祝着 前撮り 端午の節句 子供の日 結婚式 コスプレ 往復 送料無料 税込価格 緑×黒 市松 五才 五歳 身長110cm前後(105〜115cm) bbb by5-0008,9980
【送料無料（定形外郵便）】【お買い得セット】 きめつたまごっち たんじろうっちカラー＋ねずこっちカラー 【後払い不可】【ラッピング不可】,8800
鬼滅の刃 きめつっち たまごっち たんじろうっち&ねずこっち&きさつたいっち きめつたまごっち 全3種セット,11998
【鬼滅の刃 神戸ポートタワーメタルキーホルダー 竈門炭治郎】兵庫　お土産　人気　雑貨　キャラクター　関西　ご当地　おみやげ　みやげ　かまど　たんじろう　きめつ,440
【在庫処分セール】アウトレット　パーカー 大人 子供 男女兼用 コスプレパーカー コスプレグッズ コスチューム コート 長袖 春 秋 冬 子供 服 たんじろう ねずこ ぜんいつ かなを ぎゆう しのぶ きょうじゅろう ぎょうめい おばない さこんじ むざん るい どうま,1899
【鬼滅の刃　VIBRATION　STARS　竈門炭治郎】鬼滅の刃　ぜんいつ　グッズ　鬼滅　人気　ジャンプ　映画　アニメ　漫画　コミック　きめつ　我妻善逸　獣の呼吸　雷の呼吸　炭治郎　竈門　たんじろう　鬼滅　きめつ　フィギュア,1980
市松模様 チェック柄 生地 おしゃれ オックス生地 7946-bkgn 4cm 7945-bkgn 1.6cm 110cm巾 生地 個数1で 10cm単位 30cm以上 クロ グリーン 鬼滅の刃 竈門炭治郎(たんじろう)の羽織にもなっている伝統的な和柄 男の子 やや厚手 布 入園入学 マスク シーチング生地 綿100％,242
きめつたまごっち たんじろうっちカラー,4180
鬼滅の刃 ボールペン 竈門炭治郎 (かまど たんじろう) きめつのやいば 鬼滅の刃 グッズ 【即納品・即納品のみ同梱可】 筆記用具,640
鬼 滅 刃 き め つ や い ば ブランケット フード付き もこもこ 裏起毛 お昼寝 ひざかけ 毛布 防寒 温かい 竈門禰豆子 竈門炭治郎 我妻善逸 冨岡義勇 ねづこ たんじろう ぜんいつ キッズ 子供 アウトドア コスプレ グッズ 送料無料,4980
鬼滅の刃 シャープペン 竈門炭治郎 (かまど たんじろう) きめつのやいば 鬼滅の刃 グッズ 【即納品・即納品のみ同梱可】 筆記用具 シャーペン,520
鬼滅の刃 鬼滅のキーホルダー グッズ 5枚セット ぎゅぎゅっと アクリル キーホルダー 透明　かまどたんじろう かまどねずこ あがつまぜんいつ はしびらいのすけ とみおかぎゆう,1650
【鬼滅の刃】ミニショルダーバッグ ポシェット グッズ 竈門炭治郎 禰豆子 我妻善逸 嘴平伊之助 冨岡義勇 胡蝶しのぶ 煉獄杏寿郎 宇髄天元 時透無一郎 悲鳴嶼行冥 甘露寺蜜璃 伊黒小芭内 不死川実弥 ねずこ たんじろう,1980
鬼滅の刃 グッズ PUキーホルダー キーホルダー ストラップ 鬼滅 フィギュア きめつ の やいば バッグ リュック 炭治郎 禰豆子 善逸 伊之助 義勇 アニメ 漫画 無限列車 映画 demon slayer たんじろう ねずこ ぜんいつ いのすけ ぎゆう 柱,970
きめつたまごっち たんじろうっちカラー たまごっち 鬼滅の刃 炭治郎 送料無料 プレミア価格,4580
はんてん 和柄 半纏 鬼滅の刃風 リバーシブル どてら 袢纏 半天 ちゃんちゃんこ 綿入れ コスプレ こども ジュニア S・M・Lサイズ きめつ 衣装 服 市松/荒波柄 たんじろう,4799
鬼滅の刃 グッズ スティックキーホルダー キーホルダー ストラップ 鬼滅 フィギュア きめつ の やいば バッグ リュック 炭治郎 禰豆子 善逸 伊之助 義勇 アニメ 漫画 映画 demon slayer たんじろう ねずこ ぜんいつ いのすけ ぎゆう 柱,820
鬼滅の刃 温泉地限定 スタンドフレーム　KMT18338/KMT18339/KMT18340/KMT18341/KMT18342/KMT18343【かまどたんじろう/鬼滅の刃/きめつのやいば/テレビアニメ/漫画/ご当地/温泉/温泉地/フレーム/インテリア】【あす楽対応】,825
【50cm以上/10cm単位】【生地幅：112cm】【2.5cm角】京都老舗メーカーでオーダープリントした日本製！市松模様ダブルガーゼ【カラー：緑黒】※人気キャラクター[生地・布][BK][GR]※Wガーゼ※チェッカーフラッグ※鬼滅の刃※炭治郎※たんじろう※きめつ,200
【鬼滅の刃　メガジャンボ　寝そべり　ぬいぐるみ　嘴平伊之助　素顔】鬼滅の刃　ぜんいつ　グッズ　鬼滅　人気　ジャンプ　映画　アニメ　漫画　コミック　きめつ　我妻善逸　獣の呼吸　雷の呼吸　炭治郎　竈門　たんじろう　鬼滅　きめつ　ねそべり　フィギュア,4980
子供　光るパジャマ　鬼滅の刃　鬼滅　かまどたんじろう　たんじろう　かまどねずこ　ねずこ　とみおかぎゆう　ぎゆう　ナイトウェア,2970
【ネコポス便】 生地 布 【市松模様 黒×緑】巾110cm 10cm単位売り 綿100％ オックス生地 国産 ※鬼滅の刃オフィシャル生地では有りません 日本の伝統古典柄です 竈門炭治郎(かまどたんじろう)イメージ,297
鬼滅の刃 部活限定 メタルキーホルダー 野球　KMT18479/KMT18480/KMT18481【たんじろう/ぜんいつ/ぎゆう/鬼滅の刃/きめつのやいば/テレビアニメ/漫画/ご当地/部活/野球/球児/コラボ/限定/キーホルダー/アクセサリー】【あす楽対応】,440
"【新品】2,3日発送　きめつたまごっち たんじろうっちカラー 「鬼滅の刃」モデル",5255
なりきり★鬼 滅 刃 き め つ の や い ば コスプレ グッズ 羽織のみ カーディガン サイズXXS-4XL キッズ 子供 服 大人 レディース メンズ 半袖 竈門禰豆子 かまどねずこ 竈門炭治郎 かまどたんじろう 我妻善逸 あがつまぜんいつ 冨岡義勇 とみおかぎゆう 衣装 仮装,3980
鬼滅の刃 なりきり あったかはんてん 竈門炭治郎 フリース 【公式ライセンス商品】 [ XS M L 冬 レディース メンズ 婦人 紳士 子供 こども 男児 女児 女の子 男の子 入院 クリスマス 袢纏 羽織り どてら どんぶく ハロウィン たんじろう カイタック ファミリー ],4290
きめつたまごっち たんじろうっちカラー,4900
【クーポンで120円OFF】【即日発送】鬼滅の刃風 グッズ 作りに最適 市松模様(大） 生地 黒 緑 ブロード 布 たんじろう(大) コスプレ 衣装に最適 チェック柄 かわいい かっこいい コットン メール便発送可能 入園 入学 グッズ 竈門炭治郎風,85
竈門 炭治郎風（かまど たんじろう）風 鬼 滅 刃 コスプレ 服 き め つ の や い ば コスチューム 子供 子ども 子供用 キッズ キッズ用衣装 イヤリング なりきり 制服 着物 ハロウィン 七五三 パーティー 100 110 120 130 140 150,6980
【クーポンで120円OFF】【即日発送】鬼滅の刃風 グッズ 作りに最適 市松模様の小柄 生地 黒 緑 ブロード 布 たんじろう(小) コスプレ 衣装に最適 チェック柄 かわいい かっこいい コットン メール便発送可能 入園 入学 グッズ 竈門炭治郎風,85
バンダイ 鬼滅の刃 お知らせブザー キッズ 防犯ブザー 防犯アラーム 子供 男の子 キャラクター 子供 女の子 竈門炭冶郎 かまど たんじろう我妻善逸 あがつま ぜんいつ 嘴平伊之助 はしびら いのすけ冨岡義勇 とみおか ぎゆう 送料無料 きめつ,2486
ランキング1位 【鬼滅の刃】柄はんてん 12月中旬〜順次出荷 鬼滅の刃 デザイン 予約 リバーシブル 市松 炭治郎 たんじろう 麻の葉 禰豆子 ねずこ 鱗 ウロコ 善逸 ぜんいつ 子供はんてん 子供半纏 幼稚園 小学校 保育園 綿入り コスプレ 羽織 和柄 ジュニア あったか キッズ,3959
きめつたまごっち たんじろうっちカラー& ねずこっちカラー 2種セット鬼滅の刃 たまごっち,9800
「ユニール」鬼滅の刃 5枚セット 鬼滅のキーホルダー グッズ ぎゅぎゅっと アクリル キーホルダー 透明　かまどたんじろう かまどねずこ あがつまぜんいつ はしびらいのすけ とみおかぎゆう,1600
鬼滅の刃 竈門炭治郎 ケーブルバイト ケーブルアクセ定形外なら￥220で全国へ (iPhone アイフォン 携帯アクセサリー 竈門 炭治郎 かまど たんじろう),748
鬼滅の刃 下敷き B5 竈門炭治郎 かまどたんじろう アニメ キャラクター ねずこ いのすけ ぜんいつ ぎゆう 鬼滅,1050
きめつたまごっち たんじろうっちカラー BANDAI　バンダイ　鬼滅の刃　きめつのやいば　キメツノヤイバ 毀滅,5555
鬼滅の刃 グッズ スティックキーホルダー キーホルダー ストラップ 鬼滅 フィギュア きめつ の やいば バッグ リュック ヒラ商オリジナル アニメ 漫画 映画化決定 demon slayer たんじろう ねずこ ぜんいつ いのすけ ぎゆう 柱,638
鬼 滅 刃 風 女の子 おしゃれ リボン髪ゴム き め つ の や い ば 風 鬼殺隊 柱 煉獄風 ねずこ風 しのぶ風 たんじろう風 ぜんいつ風 ぎゆう風 みつり風 かなを風 時透無一郎 胡蝶しのぶ おしゃれ,1980
鬼滅の刃 グッズ スクエアボトル 水筒 お弁当 キッズ ジュニア メンズ レディース 炭治郎 ねずこ 善逸 義勇 たんじろう ぜんいつ ぎゆう 子供 大人 こども きめつ おべんとう 入園 入学,1650
即納 新品 鬼滅の刃 DX日輪刀 ラッピング袋付き きめつ グッズ おもちゃ クリスマス プレゼント ギフト 全集中 水の呼吸 ヒノカミ神楽 炭治郎 バンダイ たんじろう 6歳 7歳 8歳 人気 おすすめ,19800
鬼滅の刃 グッズ 缶バッジ ランダム 1種類 バッヂ キッズ ジュニア レディース メンズ きめつ 炭治郎 ねずこ 善逸 伊之助 時透無一郎 冨岡義勇 胡蝶しのぶ 甘露寺蜜瑠 悲鳴嶼行冥 伊黒小芭内 宇随天元 煉獄杏寿郎 たんじろう ぎゆう ひめじま 大人 子供,550
鬼滅の刃 きめつの刃 グッズ バスタオル キッズ ジュニア 男の子 女の子 子供 大人 竈門炭治郎 たんじろう 竈門禰豆子 ねずこ 我妻善逸 嘴平伊之助 いのすけ 富岡義勇 とみおかぎゆう 胡蝶しのぶ 柱 週刊少年ジャンプ アニメ マンガ 漫画 キャラクター,5120
鬼滅の刃 グッズ スクエアボトル プラボトル グリーン 竈門炭治郎 ( たんじろう ) クリア スクエア ボトル 400ml クリアボトル 水筒 ドリンク ボトル 弁当 お弁当 ランチ 毀滅の刃 ピクニック 遠足 行楽 キャラクター 鬼滅 きめつ アニメ 子ども 女性 水 お茶 ウォーター,1998
鬼滅の刃 グッズ スクエアボトル 水筒 お弁当 キッズ ジュニア メンズ レディース 炭治郎 ねずこ 善逸 義勇 たんじろう ぜんいつ ぎゆう 子供 大人 こども きめつ おべんとう 入園 入学,1650
鬼滅の刃 グッズ スクエアボトル 水筒 お弁当 キッズ ジュニア メンズ レディース 炭治郎 ねずこ 善逸 義勇 たんじろう ぜんいつ ぎゆう 子供 大人 こども きめつ おべんとう 入園 入学 送料無料,2420
【送料無料】たまごっち　3種セット　きさつたいっちカラー+ねずこっちカラー+たんじろうっちカラー　鬼滅の刃,13900
【送料無料】鬼滅の刃 鍔(つば) ネックレス 我妻善逸 竈門炭治郎郎 冨岡義勇 胡蝶しのぶ きめつのやいば たんじろう わがつまぜんいつ とみおかぎゆう こちょうしのぶ,11000
鬼滅の刃IIIIfit Clear iPhone 11 Pro対応ケース KMY-13A / 竈門炭治郎（かまど たんじろう）,3608
【送料無料】 鬼滅の刃 デコステッカー ガム No.28 竈門炭治郎 単品 きめつのやいば 食玩 鬼滅の刃 ステッカー かまど たんじろう,280
3歳 5歳 羽織 はおり お仕立て上がり 緑 黒 市松 鬼滅の刃 竈門炭治郎 かまど たんじろう コスプレ,26136
大判 風呂敷 【送料無料】 鬼滅の刃 デザイン ふろしき 約118cm×116cm 市松 炭治郎 たんじろう 麻の葉 禰豆子 ねずこ 抗菌 包む ランチ 日本製 給食 幼稚園 小学校 保育園 弁当 小風呂敷 エコバッグ 着物 洗える 即日発送 人気柄 キッズ テーブルクロス レジカゴバッグ,2392
鬼滅の刃 竈門 炭治郎 かまど たんじろう 絵馬 合格祈願 受験 入学試験 祈願 大願成就 奉納 神社 少年ジャンプ コミック 単品 鬼殺隊 柱 プレゼント ギフト,2090
【鬼滅の刃】 竈門炭治郎 たんじろうなりきりバンダナ52×52cm 【 炭治郎 禰豆子 善逸 義勇 しのぶ お弁当包み お弁当包み ランチーフ 三角巾 ランチョンマット ハンカチ 男の子 女の子】,770
【キルト】★10cm単位続けてカット★鬼滅の刃　シルエット柄　黒　2020　【鬼滅 竈門 炭治郎 かまど たんじろう 竈門 禰豆子 かまど ねずこ 我妻 善逸 あがつま ぜんいつ 嘴平 伊之助 はしびら いのすけ 入園 通園 入学 通学 キルティング】,297
送料無料 ポケマケット 鬼滅の刃 02 竈門 炭治郎 単品 かまど たんじろう kimetsu きめつ グッズ ミニフィギュア 模型 キューポス 毀滅 ご当地 誕プレ,980
大判 風呂敷 【送料無料】 鬼滅の刃 デザイン ふろしき 約118cm×116cm 市松 炭治郎 たんじろう 麻の葉 禰豆子 ねずこ 抗菌 包む ランチ 日本製 給食 幼稚園 小学校 保育園 弁当 小風呂敷 エコバッグ 着物 洗える 即日発送 人気柄 キッズ テーブルクロス レジカゴバッグ,2392
鬼滅の刃 iPhone 11対応 カメラカバー KMY-17A / 竈門炭治郎（かまど たんじろう）,2178
鬼滅の刃　コレクションチャームビッグ　竈門 炭治郎 （かまどたんじろう）/日輪刀　　キーホルダー　チャーム,2900
鬼滅 マフラー 竈門炭治郎 竈門禰豆子 我妻善逸 冨岡義勇 防寒 きめつ たんじろう ねずこ あがつま ぜんいつ とみおか ぎゆう 冬 大人 子供 家族 クリスマス プレゼント 無限列車,7700
【新品】鬼滅の刃　きめつのやいば　01 竈門炭治郎(かまどたんじろう)　ぷちざぶ アクリルキーホルダー　バンダイ,780
【送料無料】 鬼滅の刃 えふぉるめ パジャキャラ 缶バッジ 第3弾 【竈門炭治郎】 ホログラムバージョン かまど たんじろう 単品,770
【送料無料】グルマンディーズ バンダイ 鬼滅の刃 キャラスタムステッカー 竈門 炭治郎(かまど たんじろう) KMY-09A グリーン,1723
鬼滅の刃IIIIfit Clear iPhone 11/XR対応ケース KMY-14A / 竈門炭治郎（かまど たんじろう）,3608
鬼滅の刃 iPhone11 ケース イーフィット クリア IIIIfit Clear キャラクター グッズ 竈門炭治郎 かまど たんじろう KMY-14A,3180
鬼滅の刃 竈門炭治郎(かまど たんじろう) お面 厄除の面 仮面 フォックス仮面 鬼殺隊隊服 コスプレ衣装 cosplay コスチューム パーティー ハロウィン仮装 送料無料,4708
【内袋未開封】鬼滅の刃　きめつのやいば　029　竈門炭治郎＆累(かまどたんじろう＆るい)　ウエハース2【バンダイ】,480
【 鬼滅の刃 】漢字Tシャツ〔 竈門炭治郎 〕 ｜ 和柄 Tシャツ 半袖 鬼滅 きめつ 竈門 炭治郎 たんじろう メンズ レディース ユニセックス 春 夏 秋 冬 黒 ブラック M L 人気 おしゃれ おすすめ かっこいい かわいい ブランド 流儀圧搾 METHOD,2728
ラッピング袋 62×46cm 鬼滅柄 市松模様 ブラック グリーン リボン付き 総柄 クリスマス ギフト 鬼滅の刃 炭治郎 きめつ 黒 緑 プレセント たんじろう,1280
【送料無料】鬼滅 たんじろう柄リボン付き プレゼント ベア ローズ(グリーン) Lサイズ（クリアケース付き）きめつ きめつのやいば 炭治郎 マスク クリスマス ギフト スペシャルリボン アートフラワー 誕生日 孫 子供 パーティ ディスプレイ 店舗 ウェルカム,11000
【送料無料】【激レア】鬼滅の刃 鍔(つば) ネックレス 胡蝶しのぶ 竈門炭治郎郎 我妻善逸 冨岡義勇 きめつのやいば たんじろう わがつまぜんいつ とみおかぎゆう こちょうしのぶ,29900
【送料無料】 鬼滅の刃 ウエハース2 015 竈門炭治郎 (かまど たんじろう) 【場面カード】 単品 きめつのやいば 食玩 鬼滅の刃 カード トレカ,298
【送料無料】 鬼滅の刃 Q posket petit vol.1 フィギュア 【竈門炭治郎】 単品 かまど たんじろう キューポスケット,6480
"5,500円（税込）以上で送料無料！【TAKEMEKI】 和柄道具箱 A4サイズ 鬼滅の刃 (市松 模様) お道具箱 小物入れ 収納 紙製 貼箱 幼稚園 小学校 プレゼント ギフト 祝い ケース 片付け 整理整頓 きめつのやいば 炭治郎 禰豆子 善逸 たんじろう ねずこ ぜんいつ",1650
【送料無料】 鬼滅の刃 デコステッカー ガム No.31 竈門炭治郎・竈門禰豆子 単品 きめつのやいば 食玩 鬼滅の刃 ステッカー かまど たんじろう・かまど ねずこ,350
鬼滅の刃 iPhone11/XR対応スクエアガラスケース KMY-08A / 竈門 炭治郎(かまど たんじろう),3608
【内袋未開封】鬼滅の刃　きめつのやいば　004　竈門炭治郎(かまどたんじろう)　ウエハース2【バンダイ】,380
鬼滅の刃　ウェットカラーシリーズ　アクリルキーホルダー　竈門炭治郎 /きめつのやいば　かまどたんじろうう　グッズ　鬼滅,1980
【内袋未開封】鬼滅の刃　きめつのやいば　001　竈門炭次郎＆竈門禰豆子(かまどたんじろう＆かまどねずこ)　ウエハース2【バンダイ】,380
【内袋未開封】鬼滅の刃　きめつのやいば　026　竈門炭治郎＆竈門禰豆子(かまどたんじろう＆かまどねずこ)　ウエハース2【バンダイ】,480
鬼滅の刃　IIIIfit clear iPhone12 mini対応ケース KMY-30A / 竈門炭治郎（かまど たんじろう）,3608
鬼 滅 刃 風 マフラーストール 綿 冬コーデ 新作 新商品 レディース メンズ キッズ き め つ の やい ば風 鬼殺隊 柱 ねずこ風 いのすけ風 たんじろう風 ぜんいつ風,4980
【送料無料】 鬼滅の刃 デコステッカー ガム2 No.12 竈門禰豆子 竈門炭治郎 単品 かまど ねずこ かまど たんじろう きめつのやいば 食玩 鬼滅の刃 ステッカー トレカ ガチャ きめつ グッズ 毀滅 誕プレ レア,680
【送料無料】 鬼滅の刃 デコステッカー ガム2 No.09 竈門炭治郎 単品 かまど たんじろう きめつのやいば 食玩 鬼滅の刃 ステッカー トレカ ガチャ きめつ グッズ 毀滅 誕プレ レア,880
GU 鬼滅の刃 ロングTシャツ サイズM　竈門炭治郎/きめつのやいば　かまどたんじろう,2980
【送料無料】 鬼滅の刃 デコステッカー ガム2 No.14 竈門炭治郎 単品 かまど たんじろう きめつのやいば 食玩 鬼滅の刃 ステッカー トレカ ガチャ きめつ グッズ 毀滅 誕プレ レア,480
【内袋未開封】鬼滅の刃　きめつのやいば　007　竈門炭治郎(かまどたんじろう)　ウエハース2【バンダイ】,380
【送料無料】鬼滅の刃 鍔(つば) ネックレス 竈門炭治郎郎 我妻善逸 冨岡義勇 胡蝶しのぶ きめつのやいば たんじろう わがつまぜんいつ とみおかぎゆう こちょうしのぶ,14800
【送料無料】 鬼滅の刃 ウエハース2 006 竈門炭治郎（かまどたんじろう)【場面カード】 単品 きめつのやいば 食玩 鬼滅の刃 カード トレカ,300
【ポイント2倍】鬼滅の刃 デスクマット グルマンディーズ|gourmandise KMY-27 マット マウスパット 机 デスク 大人気 キャラクター 竈門炭治郎 我妻善逸 嘴平伊之助 冨岡義勇 たんじろう ぜんいつ いのすけ ぎゆう 映画 マンガ アニメ 無限列車 グッズ Demon Slayer,2156
鬼 滅 風 スニーカー スポーツシューズ　ハイカットスタイル　学生　カジュアル シューズ たんじろう ぜんいつ 冨岡柄,4099
マスク 洗える 3枚 布マスク 洗濯可能 ベア天竺素材 セット 繰り返し使用可能 洗えるマスク 大人 子ども カラー豊富 花粉症対策 飛沫感染 風邪予防 唐松模様 鬼滅の刃 竈門炭治郎 たんじろう,1450
【送料無料】 鬼滅の刃 コレクターズカード No.10 R 竈門炭治郎 竈門禰豆子 単品 レア きめつのやいば 食玩 鬼滅の刃 ガム かまど たんじろう かまど ねずこ,980
"5,500円（税込）以上で送料無料！【TAKEMEKI】 和柄道具箱 A4サイズ 鬼滅の刃 (麻の葉 模様) お道具箱 小物入れ 収納 紙製 貼箱 幼稚園 小学校 プレゼント ギフト 祝い ケース 片付け 整理整頓 きめつのやいば 炭治郎 禰豆子 善逸 たんじろう ねずこ ぜんいつ",1650
鬼滅の刃　全集中展　限定　グッズ　 ぱぺっとちゃーむ パペットチャーム　 竈門 炭治郎 /かまどたんじろう/ミニぬいぐるみ,6900
ラッピング袋 90×60cm 鬼滅柄 市松模様 ブラック グリーン リボン付き 総柄 クリスマス ギフト 鬼滅の刃 炭治郎 きめつ 黒 緑 プレセント たんじろう,1480
【送料無料】【激レア】鬼滅の刃 鍔(つば) ネックレス 冨岡義勇 竈門炭治郎郎 我妻善逸 胡蝶しのぶ きめつのやいば たんじろう わがつまぜんいつ とみおかぎゆう こちょうしのぶ,24800
鬼滅の刃 竈門 炭治郎(かまど たんじろう) 羽織ワッペン(幅62mm×高さ57mm) シール兼用【RCP】,880
鬼滅の刃 iPhone 11Pro/11Pro MAX対応 カメラカバー KMY-16A / 竈門炭治郎（かまど たんじろう）,2178
きめつたまごっち たんじろうっちカラー& ねずこっちカラー ＆フィギュアーツZERO 我妻善逸 -雷の呼吸- 鬼滅の刃 BANDAI SPIRITS 3点セット,15800
はちまき 全集中 必勝 刺繍 合格祈願 グッズ 鬼滅の刃 劇中 フォント 入試 試験 受験 勉強 試合 練習 大会 春高バレー ハチマキ タスキ 人気 おすすめ ラストスパート シンプル きめつ きめつのやいば たんじろう ぜんいつ いのすけ 炭治郎 善逸 伊之助 漫画 アニメ,2980
【内袋未開封】鬼滅の刃　きめつのやいば　022　竈門炭治郎＆胡蝶しのぶ(かまどたんじろう＆こちょうしのぶ)　ウエハース2【バンダイ】,380
送料無料 鬼滅の刃 Q posket 竈門炭治郎 フィギュア セピアカラー 単品 かまど たんじろう qpos きめつのやいば kimetsu きめつ グッズ 新品 きめつ グッズ キューポス 毀滅 通常 ご当地 誕プレ プライズ ウエハース,2880
【送料無料】 鬼滅の刃 デコステッカー ガム No.02 竈門炭治郎 単品 きめつのやいば 食玩 鬼滅の刃 ステッカー かまど たんじろう,480
【内袋未開封】鬼滅の刃　きめつのやいば　1-21　竈門炭治郎(かまどたんじろう)　赤バージョン　ディフォルメシール ウエハース【ウエハース1】,3480
【送料無料】 鬼滅の刃 デコステッカー ガム2 No.11 竈門禰豆子 竈門炭治郎 単品 かまど ねずこ かまど たんじろう きめつのやいば 食玩 鬼滅の刃 ステッカー トレカ ガチャ きめつ グッズ 毀滅 誕プレ レア,780
【内袋未開封】鬼滅の刃　きめつのやいば　021　竈門炭治郎＆嘴平伊之(かまどたんじろう＆はしびらいのすけ)　ウエハース2【バンダイ】,380
【送料無料】 鬼滅の刃 ここみえアクリルフィギュア 壱ノ型 【竈門 炭治郎】 単品 かまど たんじろう,1480
【中古】[FIG]一番くじ 鬼滅の刃 A賞 竈門炭治郎(かまどたんじろう) フィギュア プライズ BANDAI SPIRITS(バンダイスピリッツ)(20190831),4380
鬼滅の刃 iPhoneSE(2020)/8/7対応スクエアガラスケース KMY-07A / 竈門 炭治郎(かまど たんじろう),3608
鬼滅の刃 USB2 ポート ACアダプタ KMY-26A / 竈門 炭治郎(かまど たんじろう),2838
鬼滅の刃　IIIIfit clear iPhone12 /12 Pro対応ケース KMY-31A / 竈門炭治郎（かまど たんじろう）,3608
鬼滅の刃　IIIIfit clear iPhone12 /12 Pro対応ケース KMY-31A / 竈門炭治郎（かまど たんじろう）,3608
鬼滅の刃IIIIfit Clear iPhone SE (第2世代)8/7/6s/6対応ケース KMY-12A / 竈門炭治郎（かまど たんじろう）,3608
鬼滅の刃 竈門 炭治郎 （かまど たんじろう）ウィッグ かつら カツラ コスプレ衣装 cosplay コスチューム パーティー ハロウィン仮装 送料無料,6578
iphone12シリーズ対応 iphone用ケース きめつのやいば インスパイア 12ProMAX 12Pro iPhone SE 2020 アニメ きめつ たんじろう ねずこ ぜんいつ 送料無料,1980
【内袋未開封】鬼滅の刃　きめつのやいば　032　冨岡義勇＆竈門炭治郎＆胡蝶しのぶ(とみおかぎゆう＆かまどたんじろう＆こちょうしのぶ)　ウエハース2【バンダイ】,580
【未使用】グリマンディーズ　バンダイ　鬼滅の刃　竈門 炭治郎 KMY-21A かまど たんじろう かわいい 大人 女性 防犯 小学生 ランドセル グッズ セキュリティ 防犯 護身 アニメ【加治木店】,1500
【未開封】鬼滅の刃　きめつのやいば　竈門炭治郎(かまどたんじろう)　アクリルペンスタンド　ウェットカラーシリーズ,1580
【内袋未開封】鬼滅の刃　きめつのやいば　キャラばんちょうこうラバーマスコット　参ノ型　竈門 炭治郎(かまどたんじろう)【中古】,880
【送料無料】 鬼滅の刃 デコステッカー ガム No.11 竈門炭治郎 単品 きめつのやいば 食玩 鬼滅の刃 ステッカー かまど たんじろう,280
【未開封】鬼滅の刃　きめつのやいば　竈門炭治郎(かまどたんじろう)　ワールドコレクタブルフィギュア　ワーコレ　バンプレスト,1980
【送料無料】鬼滅 たんじろう柄リボン付き プレゼント ドッグ ローズ(グリーン) Lサイズ（クリアケース付き）きめつ きめつのやいば 炭治郎 マスク クリスマス ギフト スペシャルリボン アートフラワー 誕生日 孫 子供 パーティ ディスプレイ 店舗 ウェルカム キュート,11000
鬼滅の刃 メタル 漢字 キーホルダー 6種 セットグッズ 新品 映画 アニメ おもちゃ 雑貨　たんじろう ねずこ ぜんいつ いのすけ ぎゆう しのぶ,4488
きめつたまごっち たんじろうっちカラー用 改良版2枚組セット【保証期間内1回フィルム無料再送】 専用 高硬度9H ブルーライトカット クリア光沢 保護フィルム,588
【送料無料】 鬼滅の刃 デコフレアクリルキーホルダー vol.3 (全8種) 鬼滅の刃　炭次郎BOX【竈門炭次郎/かまどたんじろう/たんじろう/鬼滅の刃/きめつのやいば/テレビアニメ/漫画/キーホルダー/アクセサリー/アクリル/BOX】【あす楽対応】,6600
グルマンディーズ KMY-17A(竈門 炭治郎 かまど たんじろう) iPhone11用 鬼滅の刃 カメラカバー,1483
グルマンディーズ KMY-17A(竈門 炭治郎 かまど たんじろう) iPhone11用 鬼滅の刃 カメラカバー,1499
グルマンディーズ KMY-17A(竈門 炭治郎 かまど たんじろう) iPhone11用 鬼滅の刃 カメラカバー,1483
鬼滅の刃 竈門炭治郎 キャラスタムステッカー グッズ かまどたんじろう,870
鬼滅の刃 竈門炭治郎 キャラスタムステッカー グッズ かまどたんじろう 送料込み＊,1124
グルマンディーズ KMY-11A(竈門 炭治郎 かまど たんじろう) iPhone11 Pro用 スクエアガラスケース 鬼滅の刃,2160
グルマンディーズ KMY-11A(竈門 炭治郎 かまど たんじろう) iPhone11 Pro用 スクエアガラスケース 鬼滅の刃,2431
グルマンディーズ KMY-11A(竈門 炭治郎 かまど たんじろう) iPhone11 Pro用 スクエアガラスケース 鬼滅の刃,2160
グルマンディーズ KMY-08A(竈門 炭治郎 かまど たんじろう) iPhone 11/XR用 スクエアガラスケース 鬼滅の刃,2370
グルマンディーズ KMY-08A(竈門 炭治郎 かまど たんじろう) iPhone 11/XR用 スクエアガラスケース 鬼滅の刃,3644
グルマンディーズ KMY-08A(竈門 炭治郎 かまど たんじろう) iPhone 11/XR用 スクエアガラスケース 鬼滅の刃,3608
グルマンディーズ KMY-16A(竈門 炭治郎 かまど たんじろう) iPhone11 Pro/Max用 鬼滅の刃 カメラカバー,1508
グルマンディーズ KMY-16A(竈門 炭治郎 かまど たんじろう) iPhone11 Pro/Max用 鬼滅の刃 カメラカバー,1523
グルマンディーズ KMY-16A(竈門 炭治郎 かまど たんじろう) iPhone11 Pro/Max用 鬼滅の刃 カメラカバー,1508
グルマンディーズ KMY-07A(竈門 炭治郎 かまど たんじろう) iPhone8/7用 スクエアガラスケース 鬼滅の刃,2486
グルマンディーズ KMY-07A(竈門 炭治郎 かまど たんじろう) iPhone8/7用 スクエアガラスケース 鬼滅の刃,2460
きめつたまごっち たんじろうっちカラー用 改良版2枚組セット【保証期間内1回フィルム無料再送】 専用 高硬度9H ブルーライトカット クリア光沢 保護フィルム,1177
グルマンディーズ KMY-12A(竈門 炭治郎 かまど たんじろう) iPhoneSE(第2世代) /8/7/6s/6用ケース 鬼滅の刃,2700
グルマンディーズ KMY-12A(竈門 炭治郎 かまど たんじろう) iPhoneSE(第2世代) /8/7/6s/6用ケース 鬼滅の刃,3606
グルマンディーズ KMY-12A(竈門 炭治郎 かまど たんじろう) iPhoneSE(第2世代) /8/7/6s/6用ケース 鬼滅の刃,3606
きめつたまごっち たんじろうっちカラー& ねずこっちカラー 2種セット,9618
きめつたまごっち たんじろうっちカラー& ねずこっちカラー 2種セット,9819
鬼滅の刃 ソフビ ソフビィ コンプリート クリスマス　 プレゼント バルーン 誕生日 きめつのやいば グッズ 炭治郎　煉獄　富岡　竈門 ねずこ 甘露寺 たんじろう キメツ,25800
コスプレ 鬼滅の刃 きめつの刃 竈門炭治郎　かまど たんじろう1,5000
鬼滅の刃 竈門炭治郎 かまどたんじろう★コスプレ衣装,16280
グルマンディーズ バンダイ 鬼滅の刃 iPhoneXS/X(5.8インチ)対応ハイブリッドガラスケース 竈門 炭次郎(かまど たんじろう) グリーン,4075
きめつたまごっち たんじろうっちカラー& ねずこっちカラー 2種セット,10490
五枚セット鬼 滅 人気きめつのやいば 御守りデザインお守り柄 平安　結縁　健康　受験試験合格応援メッセージに　吉祥柄開運招福恋愛成就災難厄除け　縁起物グッズ プレゼント　たんじろう ねずこ ぜんいつ かなを しのぶ,1999
【劇場限定】【未開封】鬼滅の刃　きめつのやいば　竈門炭治郎(かまどたんじろう)　描き下ろしイラスト アクリルスタンド　劇場公開記念　映画『劇場版「鬼滅の刃」無限列車編』,1780
グルマンディーズ KMY-13A(竈門 炭治郎 かまど たんじろう) iPhone11 Pro用ケース 鬼滅の刃,2700
グルマンディーズ KMY-13A(竈門 炭治郎 かまど たんじろう) iPhone11 Pro用ケース 鬼滅の刃,3606
グルマンディーズ KMY-13A(竈門 炭治郎 かまど たんじろう) iPhone11 Pro用ケース 鬼滅の刃,3606
【鬼滅の刃　竈門炭治郎 鍔ワッペン　BAN800-BAN07】こども　子ども　男の子　女の子　保育園　小学生　ワッペン　アップリケ　接着　手さげ袋　アイロン　シール　刺繍　かばん　リメイク　学校　スモック　かまどたんじろう　刀　鬼滅　きめつ,880
きめつたまごっち たんじろうっちカラー,5360
【中古】[FIG]炭治郎の日輪刀(たんじろうのにちりんとう) 鬼滅の刃 フィギュア プライズ フリュー(20200620),1980
市松模様オードブル　みどりの市松3本入市松模様　緑　みどり　ミドリ　黒　くろ　クロ　蒲鉾　かまぼこ　カマボコ　練製品　 オードブル　練物　練 正月 年末 年始　鬼滅 きめつ 竈　竈門　かまど　炭治郎　たんじろう,1800
人気 きめつのやいばのイメージ 鬼殺隊 パーカー 服 可愛い コスプレ パーカー 衣装 薄め コート ジャケット 長袖 春 秋 服 たんじろう ねずこ ぜんいつ かなを しのぶ ぎょうめい 10000158,3938
グルマンディーズ バンダイ 鬼滅の刃 iPhoneXS/X(5.8インチ)対応ハイブリッドガラスケース 竈門 炭次郎(かまど たんじろう) グリーン kmy-02a,4500
バスタオル 鬼滅の刃 ヨガタオル 竈門炭治郎 タオル グッズ たんじろう 主人公 （ 送料無料 鬼滅 きめつのやいば キャラクタータオル ヨガ スポーツタオル ビーチタオル ジム アウトドア フェス スイミング ポーチ 63×150cm ）【3980円以上送料無料】,4400
鬼滅の刃 むいちろう ねずこ かまど たんじろう マント コスプレ 服装 ハロウィン 服装 cosplay オーバー 変装 仮装 オーバー お祝い,3106
【中古】[未開封][FIG]一番くじ 鬼滅の刃 〜無限列車編〜 B賞 竈門炭治郎(かまどたんじろう) フィギュア プライズ バンダイスピリッツ(20201031),4048
【即納】【在庫あり】鬼滅の刃 竈門 炭治郎 iPhone 11 カメラレンズ KMY-17A【4299】保護フィルム カメラカバー きめつのやいば カメラユニット スマホアクセ かまど たんじろうグルマンディーズ,2178
きめつたまごっち たんじろうっちカラー& ねずこっちカラー 2種セット,10695
【中古】【箱難あり】[FIG]竈門炭治郎(かまどたんじろう) 鬼滅の刃 スーパープレミアムフィギュア プライズ セガ(20191031),1872
送料無料【鬼滅の刃　USB2ポート　ACアダプタ　KMY-26】充電　充電器　USB　USBポート　アダプタ　ACプラグ　AC式充電器　USBポート　スマホ　携帯　iPhone　スマートフォン　電源　コンセント　鬼滅　きめつ　竈門 炭治郎　竈門 禰&#917760;豆子　我妻 善逸　たんじろう,2750
【中古】[FIG]セガ限定 竈門炭治郎(かまどたんじろう) 鬼滅の刃 ワールドコレクタブルフィギュア 〜お館様の前だぞ〜竈門炭治郎ver. プライズ バンプレスト(20200822),1600
きめつたまごっち たんじろうっち&ねずこっち 3種セット 鬼滅の刃 たまごっち,15135
鬼滅の刃 むいちろう ねずこ かまど たんじろう マント コスプレ 服装 ハロウィン 服装 cosplay オーバー 変装 仮装 オーバー お祝い,2986
きめつたまごっち たんじろうっちカラー,4889
洗えるマスクケース 抗菌 抗ウイルス 日本製 鬼滅の刃 市松 炭治郎 たんじろう 麻の葉 禰豆子 ねずこ,1318
BANDAI SPIRITS / バンダイスピリッツ バンプレスト鬼滅の刃 Qposket petit vol.1 全3種 ぷち プチ 竈門炭治郎 竈門禰豆子 我妻善逸 / たんじろう ねずこ あがつまぜんいつ【中古】【フィギュア・ブリスター】【四日市 併売品】【065-200402-08HH】,20800
鬼滅の刃 ひっかけフィギュア 竈門炭治郎 単品 マスコット かまどたんじろう,4040
アニメキャラクターキーホルダー【鬼滅の刃】9点セット【キーホルダー， 9点セット，キャラクターグッズ， 鬼滅の刃， 炭治郎（たんじろう）， 禰豆子（ねずこ）， 善逸（ぜんいつ）， 義勇（ぎゆう），ノベルティグッズ，プレゼント】,3980
【2枚セット】きめつたまごっち たんじろうっちカラー 用 【防指紋 クリアタイプ】液晶保護フィルム ★,1280
鬼滅の刃 たまごっち きめつたまごっち たんじろうっちカラー,6295
グルマンディーズ KMY-14A(竈門 炭治郎 かまど たんじろう) iPhone11/XR用ケース 鬼滅の刃,2549
グルマンディーズ KMY-14A(竈門 炭治郎 かまど たんじろう) iPhone11/XR用ケース 鬼滅の刃,2549
グルマンディーズ KMY-14A(竈門 炭治郎 かまど たんじろう) iPhone11/XR用ケース 鬼滅の刃,2549
Demon Slayer 即納・送料無料【鬼滅の刃】ミニショルダーバッグ【竈門 炭治郎】たんじろう　きめつ【新品】46091,2420
きめつたまごっち たんじろうっちカラー,5089
鬼滅の刃 サンキューシール ギフトシール 竈門禰豆子 竈門炭治郎 我妻善逸 きめつ ねずこ たんじろう ぜんいつ きめつのやいば 市松模様 麻の葉模様 鱗模様 Thank you 丸型 角丸四角 クリスマス プレゼント ラッピング 手帳 かわいい 手紙 メッセージ 梱包 ありがとう,450
炭治郎 禰豆子 鬼滅の刃 公式 きめつ グッズ たんじろう ねずこ 麻の葉 市松 大判 ハンカチ 風呂敷 鬼殺隊 //メール便発送可,880
人気アニメ おしゃれな きめつのやいば チェストバッグ 日常包 たんじろう ねずこ など 10000337,3278
きめつ たまごっち 鬼滅の刃 たんじろうっちカラー 炭治郎 バンダイ,5847
グルマンディーズ KMY-15A(竈門 炭治郎 かまど たんじろう) iPhone11 Pro Max用ケース 鬼滅の刃,2553
グルマンディーズ KMY-15A(竈門 炭治郎 かまど たんじろう) iPhone11 Pro Max用ケース 鬼滅の刃,2553
グルマンディーズ KMY-15A(竈門 炭治郎 かまど たんじろう) iPhone11 Pro Max用ケース 鬼滅の刃,2553
きめつたまごっち たんじろうっちカラー& ねずこっちカラー 2種セット,10695
【中古】【箱難あり】[FIG]竈門炭治郎(かまどたんじろう) 鬼滅の刃 スーパープレミアムフィギュア プライズ セガ(20191031),1872
送料無料【鬼滅の刃　USB2ポート　ACアダプタ　KMY-26】充電　充電器　USB　USBポート　アダプタ　ACプラグ　AC式充電器　USBポート　スマホ　携帯　iPhone　スマートフォン　電源　コンセント　鬼滅　きめつ　竈門 炭治郎　竈門 禰&#917760;豆子　我妻 善逸　たんじろう,2750
【中古】[FIG]セガ限定 竈門炭治郎(かまどたんじろう) 鬼滅の刃 ワールドコレクタブルフィギュア 〜お館様の前だぞ〜竈門炭治郎ver. プライズ バンプレスト(20200822),1600
きめつたまごっち たんじろうっちカラー ねずこっちカラー 2種セット 鬼滅の刃 たまごっち,11785
人気きめつのやいばのイメージ 鬼殺隊 パーカー 服 可愛い コスプレ鬼滅の刃 パーカー 衣装 コスチューム パーカー 薄め コート ジャケット 長袖 春 秋子供大人 服 たんじろう ねずこ ぜんいつ かなを しのぶ ぎょうめい おばない 10000205,3938
きめつたまごっち たんじろうっちカラー ねずこっちカラー 2種セット 鬼滅の刃 たまごっち,10638
きめつ たまごっち 鬼滅の刃 たんじろうっちカラー 炭治郎 バンダイ,5562
鬼 滅 刃 風 コットンマフラー 綿 冬コーデ 新作 新商品 レディース メンズ キッズ き め つ の やい ば風 鬼殺隊 柱 ねずこ風 たんじろう風 ぜんいつ風 おしゃれ,4980
鬼滅の刃 きめつたまごっち たんじろうこっちカラー,6172
きめつたまごっち たんじろうっちカラー& ねずこっちカラー 2種セット,10562
【中古】[FIG]一番くじ 鬼滅の刃 〜無限列車編〜 I賞 竈門炭治郎(かまどたんじろう) ちょこのっこフィギュア〜うたた寝ver.〜 プライズ バンダイスピリッツ(20201031),1680
（12月末入荷予定） 鬼滅の刃 ダイレクトステンレスボトル 炭治郎柄 （ かまど たんじろう ）（G） 128110,3300
東袋 鬼滅の刃 市松 炭治郎 たんじろう 麻の葉 禰豆子 ねずこ 抗菌 抗ウイルス エコバッグ 母の日 父の日 ギフト プレゼント クリスマス おしゃれ 可愛い 一升餅 名入れ可,2198
鬼滅の刃 ウェットカラーシリーズ アクリルペンスタンド 竈門炭治郎 7702 [追跡可能メール便(送料200円)対応商品] 【ペンスタンド】 【鬼滅の刃】 【きめつのやいば】 【竈門 炭治郎】 【かまど たんじろう】,1408
★12/5最大37倍★グルマンディーズ バンダイ 鬼滅の刃 iPhone 11/XR 対応スクエアガラスケース 竈門 炭治郎(かまど たんじろう) KMY-08A グリーン,3062
グルマンディーズ バンダイ 鬼滅の刃 iPhone 11/XR 対応スクエアガラスケース 竈門 炭治郎(かまど たんじろう) KMY-08A グリーン【SS4536219988380】,3064
【 メール便 4枚までOK 鬼滅の刃 なりきり バンダナ 】 キメツ きめつのやいば 胡蝶しのぶ 我妻善逸 かっこいい かわいい おしゃれ タオル 竈門炭治郎 竈門禰豆子 たんじろう ねずこ アニプレックス,730
グルマンディーズ iPhone11Pro 鬼滅の刃 スクエアガラスケース 竈門炭治郎 ＜かまどたんじろう＞ KMY-11A KMY11A,3100
【鬼滅の刃】LEDプロジェクターライト【 竈門炭治郎】【かまどたんじろう】【鬼滅】【きめつのやいば】【少年ジャンプ】【ジャンプ】【アニメ】【集英社】【プロジェクター】【ライト】【映像】【インテリア】【かわいい】,836
★12/5最大37倍★バンダイ 鬼滅の刃 iPhone11 Pro(5.8インチ)対応スクエアガラスケース 竈門 炭治郎(かまど たんじろう) KMY-11A,3062
鬼滅の刃 iPhone11Pro ケース 竈門炭治郎 スクエア ガラスケース 5.8インチ かまど たんじろう,2200
バンダイ 鬼滅の刃 iPhone11 Pro(5.8インチ)対応スクエアガラスケース 竈門 炭治郎(かまど たんじろう) KMY-11A【SS4536219993896】,3064
グルマンディーズ iPhone11Pro 鬼滅の刃 スクエアガラスケース 竈門炭治郎 ＜かまどたんじろう＞ KMY-11A KMY11A,3100
バンダイ 鬼滅の刃 iPhone11 Pro (5.8インチ) 対応 スクエアガラスケース 竈門 炭治郎 (かまど たんじろう) KMY-11A グルマンディーズ 全品送料無料 きめつのやいば,2580
きめつたまごっち 3種類セット 鬼滅の刃 たんじろうっち ねずこっち Amazon限定 きさつたいっち 鬼滅 たまごっち,15289
きめつたまごっち たんじろうっちカラー,5498
【2枚セット】きめつたまごっち たんじろうっちカラー 用 【高機能反射防止 スムースタッチ/抗菌】液晶保護フィルム ★,1380
鬼滅の刃 竈門炭治郎 コスプレ 衣装 子供 炭治郎 仮装 子供用 きめつのやいば かまど たんじろう 服 子ども コスプレ衣装 キッズ 変装 和服 cosplay ハロウィン 文化祭 舞台衣装 子供用 子,8549
きめつたまごっち たんじろうっちカラー ねずこっちカラー 2種セット 鬼滅の刃 たまごっち,10839
【2枚セット】きめつたまごっち たんじろうっちカラー 用 【高硬度9H アンチグレアタイプ】液晶保護フィルム 傷に強い！ ★,1780
【2枚セット】きめつたまごっち たんじろうっちカラー 用 【超撥水 すべすべタッチ 抗菌 クリアタイプ】液晶保護フィルム ★,1380
【COSPLEE】鬼滅の刃 竈門炭治郎 コスプレ 衣装 子供 炭治郎 仮装 子供用 きめつのやいば かまど たんじろう 服 子ども コスプレ衣装,7959
【鬼滅の刃　竈門 炭治郎　丸形　ワッペン　PML1201-PML03】こども　子ども　男の子　女の子　保育園　小学生　ワッペン　アップリケ　接着　手さげ袋　アイロン　シール　刺繍　かばん　リメイク　学校　スモック　かまどたんじろう　鬼滅　きめつ,1320
【3種セット】きめつたまごっち たんじろうっち&ねずこっち 3種セット 鬼滅の刃 たまごっち,12500
きめつたまごっち たんじろうっちカラー& ねずこっちカラー 2種セット,10551
鬼滅の刃 きめつたまごっち たんじろうこっちカラー,5841
鬼滅の刃　竈門炭治郎　たんじろう　てぬぐい　ガーゼ　タオル　コレクション　大人気　無限列車　ラス1,1650
鬼滅の刃 　Canバッジ缶バッジ　ばんちょうこう　胡蝶しのぶ＆たんじろう　炭治郎,418
鬼滅の刃・てぬぐい（1）竈門炭治郎（かまどたんじろう）,1100
【2枚セット】きめつたまごっち たんじろうっちカラー 用 【マット(反射低減)タイプ】液晶保護フィルム ★,1180
【未開封】一番くじ 鬼滅の刃 無限列車編 B賞 竈門炭治郎 フィギュア　（かまどたんじろう）,6800
ナムコ限定 鬼滅の刃 竈門 炭治郎 アクリルプレート 戯典 ナムコ 限定 アクリル プレート たんじろう,2998
宇治 京扇堂洗えるオーガニックダブルガーゼマスクピンク麻の葉　子供用【日本製 オーガニックコットン 洗える 感染予防 布マスク 柄 市松模様 鬼滅の刃風 竈門炭治郎風 かまどたんじろう ねずこ 禰豆子 洗濯 子供用】12月16日前後にて発送予定,880
きめつたまごっち たんじろうっちカラー& ねずこっちカラー 2種セット,9481
単品 鬼滅の刃 ワールドコレクタブルフィギュア 竈門炭治郎（かまどたんじろう）,2780
【ポイント10倍！】鬼滅の刃 子供用 竈門 炭治郎 かまど たんじろう 子供コスプレ キッズ kids cosplay 誕生日 プレゼント コスプレ服 ハロウイーン パーティー 仮装,8590
【2種セット】きめつたまごっち たんじろうっち ねずこっち,9380
【新品】鬼滅の刃　きめつのやいば　竈門炭治郎(かまどたんじろう)　アクリルスタンド　CRAFTHOLIC　クラフトホリック　コラボ,1980
鬼滅の刃 きめつたまごっち たんじろうこっちカラー,6119
鬼滅の刃 【きめつたまごっち2種+鍔ネックレス 我妻善逸セット】[たんじろうっちカラー]&[ねずこっちカラー]&[鍔ネックレス 我妻善逸]【送料無料(※沖縄・離島は除く)】,14000
【鬼滅の刃キッズ大人パジャマ 仮装日常服 】竈門 炭治郎（かまど たんじろう）/キャラクター/半袖/なりきり/人気/上下/夏/きめつ/キッズパジャマ/大人服/コスプレ/きめつのやいば 10000363,3608
鬼滅の刃 きめつのやいば エペミラー ポケット ペンポーチミラー 鏡 メイクアップ お化粧 身だしなみ 竈門炭治郎 かまどたんじろう 日本製【新品】30059,1133
鬼滅の刃 たまごっち きめつたまごっち たんじろうっちカラー,7325
【送料無料】 鬼滅の刃 コレクターズカード2 No.11 N 竈門炭治郎 ノーマル 単品 きめつのやいば 食玩 鬼滅の刃 ガム かまど たんじろう,680
鬼滅の刃 ひっかけフィギュア 竈門炭治郎 単品 マスコット かまどたんじろう,2836
呪術廻戦のキーホルダー グッズ ぎゅぎゅっと アクリル キーホルダー 透明　かまどたんじろう かまどねずこ あがつまぜんいつ はしびらいのすけ とみおかぎゆう,1650
【中古】[未開封][FIG]一番くじ 鬼滅の刃 〜弐〜 B賞 竈門炭治郎(かまどたんじろう) フィギュア プライズ バンダイスピリッツ(20200627),2508
きめつ たまごっち 鬼滅の刃 たんじろうっちカラー 炭治郎 バンダイ,5482
グッズ子供 コスプレ パーカー スウエット 長袖 ジャケット コート ジップタイプ 子供服 男女兼用 パーティー 炭治郎 煉獄 たんじろう ねずこ 善逸 変装 仮装 コスチューム,3500
子供 パーカー スウエット 長袖 ジャケット コート ジップタイプ 子供服 コスプレ男女兼用 パーティー 炭治郎 煉獄 たんじろう ねずこ 善逸 変装 仮装 コスチューム,3694
鬼滅の刃 たまごっち きめつたまごっち たんじろうっちカラー,6341
【2枚セット】きめつたまごっち たんじろうっちカラー 用 【反射防止 マット ノンフィラータイプ】液晶保護フィルム ★,1180
きめつたまごっち たんじろうっちカラー ねずこっちカラー 2種セット 鬼滅の刃 たまごっち,10421
送料無料【鬼滅の刃　iPhone11/XR　対応　イーフィット　クリアケース　竈門炭治郎　KMY-14A】スマホケース　携帯　携帯ケース　スマホ　ケース　iPhone　iPhoneケース　スマートフォン　カバー　ケース　アイフォン　かまどたんじろう　きめつ　鬼滅　iPhone11　iPhoneXR,2850
送料無料【鬼滅の刃　iPhone11Pro　対応　イーフィット　クリアケース　竈門炭治郎　KMY-13A】スマホケース　携帯　携帯ケース　スマホ　ケース　iPhone　iPhoneケース　スマートフォン　カバー　ケース　アイフォン　かまどたんじろう　きめつ　鬼滅　iphone 11 pro,2850
鬼滅の刃 グッズ フェイクレザー プリント キーホルダー 竃門 炭治郎 たんじろう T-KMTP-01,2351
きめつたまごっち たんじろうっちカラー& ねずこっちカラー 2種セット,9637
北海道限定 鬼滅の刃 メタルキーホルダー 竈門炭治郎 北海道 お土産 キーホルダー 週刊少年ジャンプ 紅蓮華 たんじろう ヒノカミ神楽,800
きめつたまごっち たんじろうっちカラー,5229
鬼滅の刃 たまごっち きめつたまごっち きさつたいっちカラー & たんじろうっちカラー 2種セット 限定,9500
鬼滅の刃 置き畳◆竈門 炭治郎ver.◆◆かまど たんじろう◆●きめつのやいば●半畳サイズ 約820×820×厚み20mm●正規品・日本製●クッション マット インテリア お祝い プレゼント 公式 オフィシャル 子供,16500
鬼滅の刃　きめつのやいば　7　冨岡義勇＆竈門禰豆子＆竈門炭次郎(とみおかぎゆう＆かまどねずこ＆かまどたんじろう)　オリジナルキラキラシール【丸美屋】,380
Lyugym コスプレ ピアス イヤリング 耳飾り かまど たんじろう アニメ 仮装 クリスマス ハロウィン グッズ 道具 (タイプ2),2863
鬼滅の刃 グッズ フェイクレザー プリント キーホルダー 竃門 炭治郎 たんじろう T-KMTP-01,2548
東袋 鬼滅の刃 市松 炭治郎 たんじろう 麻の葉 禰豆子 ねずこ 抗菌 抗ウイルス エコバッグ 母の日 父の日 ギフト プレゼント クリスマス おしゃれ 可愛い 一升餅 名入れ可,2198
鬼滅の刃 Chibiぬいぐるみ 竈門炭治郎 たんじろう,6420
鬼滅の刃 たまごっち きめつたまごっち たんじろうっちカラー,6118
きめつたまごっち たんじろうっち&ねずこっち 3種セット 鬼滅の刃 たまごっち,16069
きめつたまごっち たんじろうっちカラー& ねずこっちカラー 2種セット,9946
鬼滅の刃 グッズ フェイクレザー プリント キーホルダー 竃門 炭治郎 たんじろう T-KMTP-01,2810
きめつ 大人気 アニメ「竈門 炭治郎」かまど たんじろう コスプレ ウィッグ かつら大人用 大人用 70cm 新年会　クリスマス cosplay 文化祭 学園祭,3980
【2枚セット】きめつたまごっち たんじろうっちカラー 用 【高硬度9H クリアタイプ】液晶保護フィルム 傷に強い！ ★,1780
きめつたまごっち たんじろうっちカラー,5003
【2枚セット】きめつたまごっち たんじろうっちカラー 用 【抗菌・抗ウイルス・防指紋】 液晶保護フィルム ★,1380
鬼滅の刃 グッズ フェイクレザー プリント キーホルダー 竃門 炭治郎 たんじろう T-KMTP-01,2252
人気きめつのやいばのイメージ 鬼殺隊 パーカー 服 可愛い コスプレ パーカー 衣装 コスチューム パーカー 薄め コート ジャケット 長袖 春 秋 服 たんじろう ねずこ ぜんいつ かなを しのぶ ぎょうめい おばない 10000156,3938
鬼滅の刃 きめつたまごっち たんじろうこっちカラー,6765
鬼滅の刃 グッズ フェイクレザー プリント キーホルダー 竃門 炭治郎 たんじろう T-KMTP-01,2529
きめつたまごっち たんじろうっち&ねずこっち 3種セット 鬼滅の刃 たまごっち,15407
きめつたまごっち たんじろうっちカラー& ねずこっちカラー 2種セット,9821
鬼滅の刃 　Canバッジ缶バッジ　竈門　たんじろう　炭治郎,396
東袋 鬼滅の刃 市松 炭治郎 たんじろう 麻の葉 禰豆子 ねずこ 抗菌 抗ウイルス エコバッグ 母の日 父の日 ギフト プレゼント クリスマス おしゃれ 可愛い 一升餅 名入れ可,1980
きめつたまごっち たんじろうっちカラー,5181
人気アニメ おしゃれな きめつのやいば バッグ ショルダーバッグ メッセンジャーバッグ たんじろう ねずこ など 10000334,3718
【鬼滅の刃　プレミアム　ちょこのせ　フィギュア“竈門炭治郎”】フィギュア　造形　グッズ　きめつ　竈門炭治郎　我妻善逸　嘴平伊之助　獣の呼吸　雷の呼吸　鬼滅　柱　きめつ　かまどたんじろう　あがつまぜんいつ　はしびらいのすけ,2480
きめつ たまごっち 鬼滅の刃 たんじろうっちカラー 炭治郎 バンダイ,5867
きめつたまごっち 2種セット たんじろうっち ねずこっち 鬼滅の刃 予約商品 送料無料 プレミア価格,9990
東袋 鬼滅の刃 市松 炭治郎 たんじろう 麻の葉 禰豆子 ねずこ 抗菌 抗ウイルス エコバッグ 母の日 父の日 ギフト プレゼント クリスマス おしゃれ 可愛い 一升餅 名入れ可,1980
きめつたまごっち たんじろうっち&ねずこっち 3種セット 鬼滅の刃 たまごっち,15407
きめつたまごっち たんじろうっちカラー& ねずこっちカラー 2種セット,9821
鬼滅の刃 　Canバッジ缶バッジ　竈門　たんじろう　炭治郎,396
東袋 鬼滅の刃 市松 炭治郎 たんじろう 麻の葉 禰豆子 ねずこ 抗菌 抗ウイルス エコバッグ 母の日 父の日 ギフト プレゼント クリスマス おしゃれ 可愛い 一升餅 名入れ可,1980
【鬼滅の刃】フリーマット【竈門炭治郎】【かまどたんじろう】【鬼滅】【きめつのやいば】【少年ジャンプ】【ジャンプ】【アニメ】【映画】【無限列車編】【マット】【玄関マット】 【まっと】【インテリア】【生活雑貨】【グッズ】【かわいい】,1338
【鬼滅の刃】フリーマット【竈門炭治郎】【かまどたんじろう】【鬼滅】【きめつのやいば】【少年ジャンプ】【ジャンプ】【アニメ】【映画】【無限列車編】【マット】【玄関マット】 【まっと】【インテリア】【生活雑貨】【グッズ】【かわいい】,1492
きめつたまごっち たんじろうっちカラー,5850
鬼滅の刃 竈門 炭治郎 iPhone 12mini スマホケース IIIIfi+ Clear イーフィット クリア KMY-30AiPhoneケース 耐衝撃 クリアケース かまど たんじろう きめつのやいば アイフォン スマホ ケース アイフォンケース 耐衝撃 透明ケース,3150
きめつたまごっち たんじろうっちカラー,5030
"グルマンディーズ KMY-07A 鬼滅の刃 iPhone8,7対応スクエアガラスケース 竈門 炭治郎(かまど たんじろう)",3608
宇治 京扇堂洗えるオーガニックダブルガーゼマスク緑格子　子供用【日本製 オーガニックコットン 洗える 感染予防 布マスク 柄 市松模様 鬼滅の刃風 竈門炭治郎風 かまどたんじろう ねずこ 禰豆子 洗濯 子供用】12月16日前後にて発送予定,880
鬼滅の刃 モノクローム マグカップ 竈門炭治郎 かまど たんじろう きめつのやいば,1679
きめつ たまごっち 鬼滅の刃 たんじろうっちカラー 炭治郎 バンダイ,5392
人気きめつのやいばのイメージ 鬼殺隊 パーカー 服 可愛い コスプレ パーカー 衣装 コスチューム パーカー 薄め コート ジャケット 長袖 春 秋 服 たんじろう ねずこ ぜんいつ かなを しのぶ ぎょうめい おばない 10000156,3938
鬼滅の刃 きめつたまごっち たんじろうこっちカラー,6765
鬼滅の刃 グッズ フェイクレザー プリント キーホルダー 竃門 炭治郎 たんじろう T-KMTP-01,2529
きめつたまごっち たんじろうっちカラー,5103
新品 送料無料 鬼滅の刃 たまごっち きめつたまごっち たんじろうっちカラー バンダイ BANDAI おもちゃ,5800
【即納】【送料無料】きめつたまごっち たんじろうっちカラー　鬼滅の刃◆土日祝発送不可,6500
【中古】バンダイ きめつたまごっち たんじろうっちカラー(鬼滅の刃)[併売:0V4I]【赤道店】,3850
【中古】おもちゃ きめつたまごっち たんじろうっちカラー 「鬼滅の刃」,3660
きめつたまごっち たんじろうっちカラー,5100
鬼滅の刃 きめつたまごっち たんじろうっちカラー JAN 4549660525165,4380
【中古】鬼滅の刃 きめつたまごっち たんじろうっちカラー 竈門炭治郎 BANDAI/バンダイ【出雲店】,2980
きめつたまごっち たんじろうっちカラー,4500
鬼滅の刃 きめつたまごっち たんじろうっちカラー【中古】,3738
きめつたまごっち たんじろうっちカラー たまごっち 鬼滅の刃 炭治郎 キャンセル不可 送料無料 【お一人様1個まで】,6980
【ストア5倍】きめつたまごっち たんじろうっちカラー,4980
【送料無料】きめつたまごっち たんじろうっちカラー 鬼滅の刃,4980
きめつ きめつたまごっち たんじろうっちカラー 鬼滅の刃 送料無料 炭治郎 バンダイ,4999
送料無料【鬼滅の刃　iPhone11Pro　対応　スクエアガラスケース　竈門 炭治郎　KMY-11A】スマホケース　携帯　携帯ケース　スマホ　ケース　iPhone　iPhoneケース　スマートフォン　カバー　ケース　アイフォン　かまどたんじろう　きめつ　鬼滅　iphone 11 pro,2440
鬼滅の刃 お知らせブザー KMY-21A / 竈門炭治郎（かまど たんじろう）,2508
【即日配送代引き不可 送料無料】鬼滅の刃 × たまごっち / きめつたまごっち (きめつっち) 3種類セットたんじろうっち ねずこっち きさつたいっち竈門炭治郎 竈門禰豆子 鬼殺隊 緑 ピンク 黒2020 10月発売 国内正規品 新古品【中古】,18480
【即日配送 代引き不可 送料無料】鬼滅の刃 × たまごっち / きめつたまごっち (きめつっち)たんじろうっち カラー 竈門炭治郎 緑2020 10月発売 国内正規品 新古品【中古】,7150
鬼滅の刃 お知らせブザ ー 竈門炭治郎 かまど たんじろう 我妻善逸 あがつま ぜんいつ 嘴平伊之助 はしびら いのすけ 冨岡義勇 とみおか ぎゆう KMY-21A KMY-21B KMY-21C KMY-21D,2508
きめつたまごっち たんじろうっち&ねずこっち 3種セット 鬼滅の刃 たまごっち,17234
きめつたまごっち たんじろうっちカラー,5498
鬼滅の刃 DX 日輪刀 炭治郎 剣 刀 男の子 おもちゃ バンダイ クリスマス プレゼント 新品 プレミア価格 送料無料 翌日発送,13480
鬼滅の刃 グッズ クリスマス ねずこ ポーチ ペンケース 文房具 女の子 筆箱 しのぶ 文具 プレゼント,3278
鬼滅の刃 きめつのやいば 新柄 タオル フェイスタオル ビーチタオル 柱 鬼殺隊 漫画 アニメ キャラクター グッズ 竈門炭治郎 竈門禰豆子 我妻善逸 嘴平伊之助 冨岡義勇 煉獄杏寿郎 宇髄天元 時透無一郎 胡蝶しのぶ 伊黒小芭内 甘露寺蜜璃 悲鳴嶼行冥 不死川実弥 プール,1650
（2021年2月下旬入荷予定） 鬼滅の刃 ランチグッズ6点 タオルマフラー2絵柄セット お弁当箱 箸 巾着 コップ コップ袋 水筒,6085
（2021年2月下旬入荷予定） 鬼滅の刃 ランチグッズ6点セット お弁当箱 箸 巾着 コップ コップ袋 水筒,5425
鬼滅の刃 マーク エンジ オックス生地 【メール便2m可】 キャラクター 生地 布地 綿 コットン 手作り 手芸 ハンドメイド 入園 入学 男の子 女の子 巾着袋 体操着入れ ズック袋,187
12月入荷・発送【鬼滅の刃・公式】レプーン　禰豆子 胡蝶しのぶ　煉獄杏寿郎お弁当/ランチ/可愛い/おしゃれ/和柄/着物柄/柱/鬼滅隊/メインキャラクター//竈門炭治郎/我妻善逸/嘴平伊之助/ねずこ/いのすけ/スプーン/れんげ/富岡義勇/宇随/甘露寺/時透/伊黒/不死川,880
（2021年2月下旬入荷予定） 鬼滅の刃 角型お弁当箱 箸＆箸箱巾着セット,2874
鬼滅の刃 きめつのやいば タオル フェイスタオル ビーチタオル 柱 鬼殺隊 漫画 アニメ キャラクター グッズ 竈門炭治郎 竈門禰豆子 我妻善逸 嘴平伊之助 冨岡義勇 煉獄杏寿郎 宇髄天元 時透無一郎 胡蝶しのぶ 伊黒小芭内 甘露寺蜜璃 悲鳴嶼行冥 不死川実弥 プール 海水浴,1650
「UNEILEユニール」 鬼滅の刃 リュックバック 男女兼用 リュックバック　肩掛け 折りたたみ 自転車鞄かばん サイドポケット充実のリュックサック　通勤通学 A4 大容量 軽量　旅行 ギフト マイバッグ,2950
入荷！ スポーツタオル 3枚 送料無料 綿100％ 100×20cm タオル マフラータオル 市松 麻の葉 子供用 大人用 兼用 子供 孫 クリスマス プレゼント プチギフト 訳あり わけあり トイレ キッチン 台所 在庫処分 伝統模様 幼稚園 保育園 伝統文様 小学校 コスプレ 衣装,1800
"【1,000円キャッシュバック対象】【12月10日発売】富士フィルム（フジフィルム）チェキinstax mini 鬼滅の刃 炭治郎チェキBOX",24800
【送料無料】 CaseEden コスプレ ウィッグ コスプレ用ウィッグ 竈門炭治郎 ショート ブラック＆ダークブラウン グラデーションカラー ホワイトメルチェ・ウィッグネット2個セット,2472
★◆BANDAI 鬼滅の刃 全身柄 オックス 生地 (50cmカットクロス) 入園 入学 ご準備に マスクケース はぎれ ハギレ　(メール便可),935
入荷！ マフラータオル 2枚 送料無料 綿100％ 100×20cm スポーツタオル タオル 市松 麻の葉 子供用 大人用 兼用 子供 孫 クリスマス プレゼント プチギフト 訳あり わけあり トイレ キッチン 台所 在庫処分 伝統模様 幼稚園 保育園 小学校 伝統文様 コスプレ 衣装,1350
バイカラーモールマスクゴム≪深緑×黒/葡萄×桃/橙×白/藍×青≫【直径約3mm×3mカット】マスクコード/ブラック/グリーン/ピンク/オレンジ/ホワイト/ブルー/サックス/手作りマスク/ハンドメイド/,330
【クーポンで120円OFF】【即日発送】鬼滅の刃風 グッズ 作りに最適 市松模様 生地 赤 白 ブロード 布 ねずこ(市松) 帯 コスプレ 衣装に最適 チェック柄 かわいい かっこいい コットン メール便発送可能 入園 入学 グッズ 竈門禰豆子風,85
（12月末入荷予定） 鬼滅の刃 ダイレクトステンレスボトル 善逸柄 （ あがつま ぜんいつ ）（Y） 128134,3300
【鬼滅の刃】風・立体マスク綿100％（日本製）竈門炭治郎（市松柄）／竈門禰豆子（麻の葉柄）の2柄S／Mの2サイズ【メール便OK】(2010-02),570
（12月末入荷予定） 鬼滅の刃 ダイレクトステンレスボトル 禰豆子柄 （ かまど 禰豆子 ）（P） 128127,3300
（2021年2月下旬入荷予定） 鬼滅の刃 コップ＆コップ袋セット,1181
入荷！ マフラータオル 1枚 送料無料 綿100％ スポーツタオル タオル 市松 麻の葉 子供用 大人用 兼用 子供 孫 クリスマス プレゼント プチギフト 訳あり わけあり トイレ キッチン 台所 在庫処分 伝統模様 幼稚園 保育園 小学校 伝統文様 コスプレ 衣装,780
鬼滅の刃 シルエット ブラック オックス生地 【メール便2m可】 キャラクター 生地 布地 綿 コットン 手作り 手芸 ハンドメイド 入園 入学 男の子 女の子 巾着袋 体操着入れ ズック袋,187
（2021年2月下旬入荷予定） 鬼滅の刃 抗菌 食洗機対応 箸＆箸箱セット メール便対応品 129377,715
（12月末入荷予定） 鬼滅の刃 ダイレクトステンレスボトル 禰豆子柄 日本の伝統柄タオルマフラー2絵柄セット 128127,3960
送料無料 限定 3タイプ 鬼滅の刃 ボトル Tシャツ メンズ 半袖 炭治郎 きめつのやいば 漫画 アニメ ジャンプ キャラクター グッズ ホワイト ブラック カットソー 男女兼用 プレゼント 新作 ギフト 通販 人気 服 CASUALINASE,1799
[再入荷!!］【メンズ】ふんどしパンツ メンズ S〜M、L〜LL 鬼滅の刃風 炭治郎＆禰津子 締め付けない 下着 ふんどし パンツ 安眠 コスプレ アニメ　クリスマス プレゼント,3380
送料無料 限定 3タイプ 鬼滅の刃 ボトル Tシャツ メンズ 半袖 炭治郎 きめつのやいば 漫画 アニメ ジャンプ キャラクター グッズ ホワイト ブラック カットソー 男女兼用 プレゼント 新作 ギフト 通販 人気 服 MC,1799
1000円ポッキリ 【P15倍】 マフラータオル 1枚 送料無料 買い回り 綿100％ スポーツタオル タオル 市松 麻の葉 子供用 大人用 兼用 子供 孫 クリスマス プレゼント プチギフト 訳あり わけあり トイレ キッチン 台所 在庫処分 伝統模様 幼稚園 保育園 小学校 コスプレ 衣装,1000
"【レディース】ふんどしパンツ レディース S,M,L 鬼滅の刃風 炭治郎＆禰津子 締め付けない 下着 ショーツ コスプレ アニメ クリスマス プレゼント",3980
鬼滅の刃 シルエット ネイビー オックス生地 【メール便2m可】 キャラクター 生地 布地 綿 コットン 手作り 手芸 ハンドメイド 入園 入学 男の子 女の子 巾着袋 体操着入れ ズック袋,187
送料無料 限定 3タイプ 鬼滅の刃 ボトル Tシャツ メンズ 半袖 炭治郎 きめつのやいば 漫画 アニメ ジャンプ キャラクター グッズ ホワイト ブラック カットソー 男女兼用 プレゼント 新作 ギフト 通販 人気 服 MOSTSHOP,1799
■鬼滅の刃で人気の!和柄マルチペン(5色ボールペン+シャーペン) 市松 麻の葉 三角鱗文　(メール便可)　クリスマス準備月間 お正月 入園 入学 準備 手芸用品,660
鬼滅の刃 竈門炭治郎 ジグソーパズル エンスカイ 500ピース きめつ グッズ 炭治郎 DEMONSLAYER デーモンスレイヤー,1930
【市松】【麻の葉】【うろこ】模様ダブルガーゼカットクロス生地巾110cm×50cm和柄ダブルガーゼ生地のカットクロスです。チェック/四角/三角/グリーン/ブラック/ピンク/イエロー/ハンドメイド/手作り/スタイ/マスク/ハンカチ/,572
送料無料 限定 3タイプ 鬼滅の刃 ボトル Tシャツ メンズ 半袖 炭治郎 きめつのやいば 漫画 アニメ ジャンプ キャラクター グッズ ホワイト ブラック カットソー 男女兼用 プレゼント ギフト 通販 新作 人気 服 トップイズム,1799
（2021年2月下旬入荷予定） 鬼滅の刃 角型お弁当箱 箸＆箸箱巾着 タオルマフラー2絵柄セット,3534
（2021年2月下旬入荷予定） 鬼滅の刃 コップ＆コップ袋 タオルマフラー2絵柄セット,1841
（12月末入荷予定） 鬼滅の刃 ダイレクトステンレスボトル 伊之助柄 （ はしびら いのすけ ）（LB） 128141,3300
（12月末入荷予定） 鬼滅の刃 ダイレクトステンレスボトル 炭治郎柄 日本の伝統柄タオルマフラー2絵柄セット 128110,3960
即日発送！在庫限り【鬼滅の刃】公式 とじコレ ソックス 靴下　くつした 炭治郎　禰豆子 善逸　胡蝶しのぶ　冨岡義勇　いのすけ可愛い/おしゃれ/和柄/着物柄/柱/鬼滅隊/メインキャラクター/靴下/くつした/くつ下/竈門炭治郎/22〜24cm/伊之助/レディース,605
（12月末入荷予定） 鬼滅の刃 ダイレクトステンレスボトル 義勇柄 （ とみおか ぎゆう ）（BL） 128158,3300
鬼滅の刃 カレー皿 深皿 人気,2080
鬼滅の刃 ミニラーメン丼 ミニ どんぶり,2080
鬼滅の刃 ケーキ皿 お皿 人気,1920
（12月末入荷予定） 鬼滅の刃 ダイレクトステンレスボトル 義勇柄 日本の伝統柄タオルマフラー2絵柄セット 128158,3960
【鬼滅の刃】フィギュア−絆ノ装−漆ノ型 ●竈門炭治郎（セピアカラーver.）【単品】 漆ノ型,2480
巾着袋 大 市松模様 グリーン ブラック 緑 黒 横幅30cm×縦38cm 体操服 保育園 幼稚園 小学校 日本製 綿,949
鬼滅の刃 小皿(竈門 炭治郎),1078
（2021年2月下旬入荷予定） 鬼滅の刃 抗菌 食洗機対応 角型お弁当箱 129391,1210
鬼滅の刃 公式 ウェットカラー Vol.1 アクリル キーホルダー ストラップ キーチャーム 送料無料 竈門 炭治郎 禰豆子 吾妻 善逸 嘴平 伊之助 冨岡 義勇,1340
鬼滅の刃 シュシュ 竈門炭治郎　| 新品 送料無料 おすすめ 在庫あり,1200
巾着袋 縦長 市松模様 グリーン ブラック 緑 黒 横幅17.5cm×高さ25.5cm お弁当 給食 お箸セット なわとび 保育園 幼稚園 小学校 日本製 綿,783
（2021年2月下旬入荷予定） 鬼滅の刃 ランチ巾着弁当袋 メール便対応品 129421,1100
ワッペン 鬼滅の刃,880
巾着袋 小 市松模様 グリーン ブラック 緑 黒 横幅15.5cm×縦16.5cm 給食 コップ 小さめ 保育園 幼稚園 小学校 日本製 綿,599
（2021年2月下旬入荷予定） 鬼滅の刃 抗菌 食洗機対応 プラコップ 129384,528
鬼滅の刃 消しゴム／香り付(竈門炭治郎) [198711],135
鬼滅の刃 グッズ ☆とじコレ☆ -折り紙− ポーチ 全4種 竈門炭治郎 竈門禰豆子 我妻善逸 嘴平伊之助,979
鬼滅の刃 手ぬぐい A柄 市松,1100
【鬼滅の刃】ゆらゆらマスコット 【全3種セット】 竈門炭治郎 竈門禰豆子 我妻善逸,1480
【送料無料！】【鬼滅の刃】柄・立体マスク綿100％（日本製）抗菌・防臭・抗ウイルス・抗カビ竈門炭治郎（市松柄）／竈門禰豆子（麻の葉柄）の2柄小さめサイズ(2010-02),1300
鬼滅の刃 竈門 炭治郎 iPhone 11 カメラ カバー KMY-17Aiphone11カメラカバー キャラクター カメラ保護 アイフォン イレブン 可愛い カッコいい おしゃれ 大人 保護 指紋防止 レンズカバー ガラス カバー アイフォン11,1780
【鬼滅の刃】竈門炭治郎 シール・アイロン接着両用ワッペン,880
鬼滅の刃グッズ 箸置き 竈門 炭治郎,748
鬼滅 鬼滅バッグ 鬼滅のリュックバック 男女兼用 リュックバック　肩掛け 折りたたみ 自転車鞄かばん サイドポケット充実のリュックサック　通勤通学 A4 大容量 軽量　旅行 ギフト マイバッグ,2999
鬼滅の刃 竈門 炭治郎 iPhone 11Pro 11ProMax カメラ カバー KMY-16Aiphone11pro iphone11promax カメラカバー キャラクター カメラ保護 アイフォン イレブン プロ マックス 可愛い おしゃれ かっこいい 保護 指紋防止 レンズカバー ガラス カバー,1780
鬼滅の刃 フィギュア-絆ノ装-SPECIAL　竈門炭治郎,12800
鬼滅の刃 応援アクリルバッジ 7種セット,5566
鬼滅の刃 竈門 炭治郎 クールファン KMY-20Aハンディ ファン 扇風機 持ち運び 携帯 コンパクト 充電 手持ち ミニファン ハンディファン USB 充電式 アウトドア ミニ扇風機 ポータブル きめつのやいば グッズ かわいい キャラクター,2830
鬼滅の刃グッズ 小皿 竈門 炭治郎,1078
鬼滅の刃2ルームペンケース 竈門炭治郎 195161 【お1人様1点限り】,1628
鬼滅の刃ミニメモ 竈門炭治郎 195512 【お1人様1点限り】,143
鬼滅の刃ショルダーひも付きどこでもポッケ 竈門炭治郎 196168 【お1人様1点限り】,1738
鬼滅の刃プラコレ 竈門炭治郎 筆箱 194867 【お1人様1点限り】,968
鬼滅の刃B5方眼ノート5mm 竈門炭治郎 195819 【お1人様1点限り】,253
鬼滅の刃消しゴム／香り付 竈門炭治郎 198711 【お1人様1点限り】,143
鬼滅の刃 USB2ポートACアダプタ(竃門炭治郎) [998501],2696
鬼滅の刃 2ルームペンケース(竈門炭治郎) [195161],1546
鬼滅の刃 ミニメモ(竈門炭治郎) [195512],135
鬼滅の刃 ショルダーひも付きどこでもポッケ(竈門炭治郎) [196168],1651
鬼滅の刃 フリーマット(集合／メイン) [376187],1337
鬼滅の刃 B5方眼ノート5mm(竈門炭治郎) [195819],239
鬼滅の刃 キャラソックス／レディース(竈門炭治郎)★Vol.2★,605
鬼滅の刃 プラコレ(竈門炭治郎)★筆箱★ [194867],919
鬼滅の刃 モノクロームマグ 竈門炭治郎 竈門禰豆子,1980
＜12月下旬発送予定＞【 鬼滅の刃 】 ネックストラップ ｜ 和柄 ストラップ ロング スマホ 落下防止 アイフォン 携帯 大人 男性 女性 キッズ 子供 携帯ストラップ 首かけ 首掛けストラップ スマートフォン スマホ ケータイ 人気 おしゃれ かわいい ブランド 流儀圧搾 METHOD,550
（2021年2月下旬入荷予定） 鬼滅の刃 抗菌 直飲み水筒 600ml 129407,1760
（2021年2月下旬入荷予定） 鬼滅の刃 コップ袋 メール便対応品 129414,715
【即納】【在庫あり】鬼滅の刃 グッズ のれん 56222【2220】キャラクター 綿100% コットン 竈門 炭次郎 禰豆子 嘴平伊之助 我妻善逸 冨岡義勇 胡蝶しのぶ 日本製フェイス【宅配便送料無料】,7480
【即納】【在庫あり】鬼滅の刃 グッズ 手ぬぐい 56221【2213】キャラクター てぬぐい 綿100% コットン 竈門 炭次郎 禰豆子 嘴平伊之助 我妻善逸 冨岡義勇 胡蝶しのぶ B柄カード 日本製フェイス,1100
【即納】【在庫あり】鬼滅の刃 グッズ 手ぬぐい 56220【2206】キャラクター てぬぐい 綿100% コットン 竈門 炭次郎 禰豆子 嘴平伊之助 我妻善逸 冨岡義勇 胡蝶しのぶ A柄チェック 日本製フェイス,1100
【キッズ】ふんどしパンツ キッズ（ボーイズ：丹治朗風、ガールズ：禰津子風）サイズ：90〜110、120〜130　鬼滅の刃風 炭治郎＆禰津子,1200
（12月末入荷予定） 鬼滅の刃 ダイレクトステンレスボトル 伊之助柄 日本の伝統柄タオルマフラー2絵柄セット 128141,3960
（12月末入荷予定） 鬼滅の刃 ダイレクトステンレスボトル 善逸柄 日本の伝統柄タオルマフラー2絵柄セット 128134,3960
鬼滅の刃 のれん,7480
【鬼滅の刃】ゆらゆらマスコット ● 竈門炭治郎【単品】,580
鬼滅の刃 箸置き(竈門 炭治郎),748
【セール品】バンダイ 鬼滅の刃 クールファン 竈門炭治郎,2622
【送料無料】鬼滅の刃　スクエアCANバッジA　10個セットBOX,5500
