商品名,最安値,最高値
ＳＨＡＤＯＷ　ＳＫＩＬＬ  ３ /講談社/岡田芽武,110,1152
ＳＨＡＤＯＷ　ＳＫＩＬＬ  ２ /講談社/岡田芽武,110,1100
シャドウスキル/ＤＶＤ/BIBE-1698,298,4752
ＳＨＡＤＯＷ　ＳＫＩＬＬ  １０ /講談社/岡田芽武,440,1173
ＳＨＡＤＯＷ　ＳＫＩＬＬ  ９ 新装版/講談社/岡田芽武,348,1173
Ｓｈａｄｏｗ　ｓｋｉｌｌ Ｂｌａｃｋ　ｈｏｗｌｉｎｇ  /講談社/岡田芽武,110,1257
ＳＨＡＤＯＷ　ＳＫＩＬＬ  １１ /講談社/岡田芽武,660,1173
Ｓｈａｄｏｗ　ｓｋｉｌｌ Ｂｌａｃｋ　ｗｉｎｇ  /講談社/岡田芽武,150,1288
Ｓｈａｄｏｗ　ｓｋｉｌｌ　ｐｈａｎｔｏｍ　ｏｆ　ｓｈａｄｅ   /講談社/岡田芽武,50,996
ＳＨＡＤＯＷ　ＳＫＩＬＬ  １ /講談社/岡田芽武,110,1100
シャドウスキル　7　LD,8580,8580
シャドウスキル　2,8580,8580
シャドウスキル　3,8580,8580
シャドウスキル　4　ビデオ版,8580,8580
シャドウスキル　3　LD,8580,8580
シャドウスキル　影技　コレクションカ-ド20入り,7700,7700
ＳＨＡＤＯＷ　ＳＫＩＬＬ  ８ /講談社/岡田芽武,150,1163
ＳＨＡＤＯＷ　ＳＫＩＬＬ  ５ /講談社/岡田芽武,110,1152
ＳＨＡＤＯＷ　ＳＫＩＬＬ  ４ /講談社/岡田芽武,110,1152
影技（シャドウ・スキル）  ４ /竹書房/岡田芽武,50,939
ＳＨＡＤＯＷ　ＳＫＩＬＬ  ７ /講談社/岡田芽武,150,1162
ＳＨＡＤＯＷ　ＳＫＩＬＬ  ６ /講談社/岡田芽武,110,1152
Ｓｈａｄｏｗ　ｓｋｉｌｌ 影技 １ /角川書店/岡田芽武,110,1100
Ｓｈａｄｏｗ　ｓｋｉｌｌ　ａｐｏｃｒｙｐｈａ 影技-外典 １ /富士見書房/岡田芽武,110,528
Ｓｈａｄｏｗ　ｓｋｉｌｌ 影技 ３ /角川書店/岡田芽武,110,1100
影技（シャドウ・スキル）  ３ /竹書房/岡田芽武,50,939
CD 影技SHADOW SKILLオリジナルサウンドトラックEX./アニメサントラ,291,3204
影技～SHADOW SKILL/,110,3204
影技 SHADOW SKILL TV版 DVD BOX,29717,29717
