順位,商品名,商品価格
1,【12月1日24h限定エントリーでP10倍〜】アンダーアーマー（UNDER ARMOUR） 2021年新春福袋 アンダーアーマー トレーニング メンズ8点セット M03 （メンズ）,11000
2,ダイワ セルテート LT5000D-CXH,43560
3,キャンプグリーブ 大型反射板 大型風防板 8枚 長さ120cm×高さ60cm 専用手さげつき収納ケース 固定可能 反射式 屋外 屋内 風防板 反射板 煮炊き 焚き火 焚き火台 ウィンドスクリーン リフレクター 反射ストーブ 薪ストーブ 防風 風防 風除け 風よけ キャンプ用品 アウトドア,3590
4,12/1はポイント7倍!要エントリー★最新版・送料無料[マットシリーズ]LABOCLE ラボクル リア用プレミアムチャイルドシートレインカバーver.03 L-PCR03-600D 自転車用 チャイルドシート用 乗り降り簡単 後ろ用】,13750
5,＼新型大人気モデル入荷しました／【ランキング第一位獲得】1年保証 送料無料 フィットネスバイク 負荷16段階 3kgホイール 48調節 折り畳み コンパクト 家庭 ルームバイク 心拍 有酸素運動 無酸素運動 エアロ バイクビクス 静音 高耐久 耐荷重130kg スピンバイク 筋トレ,14800
6,【キャンプグリーブ】大型反射板 大型風防板 8枚 長さ120cm × 高さ50cm 専用手さげつき収納ケース Oリング付属 固定可能 反射式 屋外 屋内 風防板 反射板 煮炊き 緊急 焚き火 焚き火台 リフレクター 反射ストーブ 暖かい 薪ストーブ 防風 ガスコンロ 風防 風よけ,3300
7,DOD TB1-38-TN タン [マルチキッチンテーブル] アウトドア キャンプ レジャー BBQ バーベキュー,8980
8,【送料無料】リトルキディーズ史上、最強スペック 自転車 チャイルドシート レインカバー 後用 ver.3+プラス（後ろ乗せ用）ノンフタル酸+UVカット+耐寒仕様 右左両開きパネル、ビニール接合部強化 屋根オープン時のワンタッチ固定,10340
9,スノーピーク チタンシェラカップ E-104 アウトドア シェラカップ キャンプ シエラカップ コップ 調理器具 来客用 新生活 【お1人様2点限り】,2090
10,フォールディングキャリーワゴン DOD C2-46-BK ブラック 1年保証 折りたたみ コンパクト,12580
11,イワタニ Iwatani カセットガス バーナー ジュニアコンパクトバーナー CB-JCB アウトドア キャンプ ジュニアバーナー【送料無料】【bousai_d19】,4400
12,【お一人様1点限り】tent-Mark DESIGNS（テンマクデザイン）サーカスTC DX　HUNTER,43780
13,【12月1日24h限定エントリーでP10倍〜】アンダーアーマー（UNDER ARMOUR） 2021年新春福袋 アンダーアーマー トレーニング レディス7点セット W01 （レディース）,11000
14,【タンカラー12月中旬~下旬頃入荷予定】【1年保証】WAQ 2WAY フォールディング コット waq-cot1【送料無料】,15800
15,トリガーポイント Trigger point フォームローラー グリッド 筋膜リリース Foam Roller ストレッチ トレーニング セルフマッサージ スポーツ器具 フィットネス Triggerpoint あす楽,3699
16,tent-Mark DESIGNS サーカスTC DX専用 窓付きフロントフラップ【HUNTER】(オプション品),15400
17,【THE NORTH FACE】フリース(メンズ アンタークティカバーサロフトジャケット)／ザ・ノース・フェイス,33000
18,【新柄入荷!】子ども乗せ 自転車用 ブランケット / 自転車 防寒 ポンチョ 楽天ROOMコラボ オギャ子 マジックテープ で 簡単装着 子ども 自転車専用 自転車ブランケット 防風 軽撥水 保育園 幼稚園 通園 DORACO FIRST ドラコファースト ベビー 日本製 ギフト 人気,6600
19,【12/1限定エントリーで1200ポイント】ダイワ 20 月下美人X LT1000S-P,10934
20,クーポンも。【P14倍以上確定※12月1日限定エントリー＆楽天カード決済で】 YAMAHA ヤマハ 電動自転車 バッテリー 12.3Ah 新品 正規品 X0T-82110-00 X0T-82110-20,33415
21,【12/1はエントリーでP12倍以上】ビーレジェンド プロテイン ペコポコシェイカーセット ミルキー風味 1kg ミルキーココア風味 1kg 計2kg（be LEGEND ホエイプロテイン 女性 男性 美容）【シェイカー付き】ペコちゃん ポコちゃん 【オススメ】,7580
22,SIXPAD パワーローラー エス ／ MTG SIXPAD Power Roller S ストレッチ コンパクト フィットネス トレーニング シックスパッド 筋肉 【TBSショッピング】,8580
23,【 12/1はポイント14倍〜 要エントリー】 ノースフェイス（THE NORTH FACE） ジャケット【お一人様1点限り】マウンテンダウンジャケット ND91930 NT （メンズ）,68200
24,● NIKE (ナイキ) ナイキ ズーム フライ 3 ランニング メンズシリアスランナーシューズ メンズ ブライトマンゴー/ブラック/シトロンパルス AT8240-801,11460
25,槙塚鉄工所 ブレス トゥ ファイヤ,13750
26,【12/1(火)限定★Pアップ最大11倍】THE　NORTH　FACE（ノースフェイス）グラニュール　Granule　ウエストバッグ　ポーチ　ヒップバッグ　鞄　かばん　バッグ　アウトドア　キャンプ　ファッション　散歩　旅行　トラベル　メンズ　レディースNM71905K,2523
27,【イーグルス感謝祭 全品P10倍】楽天ランキング3冠受賞 ヨガマット 10mm トレーニングマット 厚手nbr ピラティス ストレッチマット エクササイズマット 収納ケース付き マット ヨガ ストレッチ エクササイズ トレーニング 軽量 幅広 ケース ダイエット yoga,1530
28,【12月1日限定！クーポン利用で最大3000円OFF&最大22倍】【送料無料】パナソニック 2020 ビビ SX「BE-ELSX632」26インチ 電動自転車,92481
29,【楽天1位受賞！】 トランポリン102cm 耐荷重110kg 送料無料 室内 あそび 家庭用 子供用 大人用 おもちゃ 子ども 誕生日 子供 プレゼント 男 女 男の子 女の子 こども 誕生日プレゼント,4870
30,【12月1日限定！クーポン利用で最大3000円OFF&最大22倍】【送料無料】クリーム Cream Kids（クリーム キッズ）160-J 16インチ 子供用 自転車,12980
